ec_code,cropland_name,landcover_name,cropgroup_name,cropland_label,landcover_label,cropgroup_label
00-00-00-000-0,unknown,unknown,unknown,-1,-1,-1
10-00-00-000-0,unknown,unknown,unknown,-1,-1,-1
11-00-00-000-0,crop,arable_crops,arable_crops,1,1,1
11-01-00-000-0,crop,cereals,unspecified_cereal,1,1101,110100
11-01-00-000-1,crop,cereals,unspecified_cereal,1,1101,110100
11-01-00-000-2,crop,cereals,unspecified_cereal,1,1101,110100
11-01-01-000-0,crop,cereals,wheat,1,1101,110101
11-01-01-000-1,crop,cereals,wheat,1,1101,110101
11-01-01-000-2,crop,cereals,wheat,1,1101,110101
11-01-01-000-3,crop,cereals,wheat,1,1101,110101
11-01-01-001-0,crop,cereals,wheat,1,1101,110101
11-01-01-001-1,crop,cereals,wheat,1,1101,110101
11-01-01-001-2,crop,cereals,wheat,1,1101,110101
11-01-01-002-0,crop,cereals,wheat,1,1101,110101
11-01-01-002-1,crop,cereals,wheat,1,1101,110101
11-01-01-002-2,crop,cereals,wheat,1,1101,110101
11-01-01-003-0,crop,cereals,wheat,1,1101,110101
11-01-01-003-1,crop,cereals,wheat,1,1101,110101
11-01-01-003-2,crop,cereals,wheat,1,1101,110101
11-01-01-004-0,crop,cereals,wheat,1,1101,110101
11-01-01-004-1,crop,cereals,wheat,1,1101,110101
11-01-01-004-2,crop,cereals,wheat,1,1101,110101
11-01-01-005-0,crop,cereals,wheat,1,1101,110101
11-01-01-005-1,crop,cereals,wheat,1,1101,110101
11-01-01-005-2,crop,cereals,wheat,1,1101,110101
11-01-01-006-0,crop,cereals,wheat,1,1101,110101
11-01-01-006-1,crop,cereals,wheat,1,1101,110101
11-01-01-006-2,crop,cereals,wheat,1,1101,110101
11-01-01-007-0,crop,cereals,wheat,1,1101,110101
11-01-01-007-1,crop,cereals,wheat,1,1101,110101
11-01-01-007-2,crop,cereals,wheat,1,1101,110101
11-01-02-000-0,crop,cereals,barley,1,1101,110102
11-01-02-000-1,crop,cereals,barley,1,1101,110102
11-01-02-000-2,crop,cereals,barley,1,1101,110102
11-01-02-000-3,crop,cereals,barley,1,1101,110102
11-01-02-000-4,crop,cereals,barley,1,1101,110102
11-01-02-000-5,crop,cereals,barley,1,1101,110102
11-01-02-001-0,crop,cereals,barley,1,1101,110102
11-01-02-001-1,crop,cereals,barley,1,1101,110102
11-01-02-001-2,crop,cereals,barley,1,1101,110102
11-01-02-002-0,crop,cereals,barley,1,1101,110102
11-01-02-002-1,crop,cereals,barley,1,1101,110102
11-01-02-002-2,crop,cereals,barley,1,1101,110102
11-01-03-000-0,crop,cereals,rye,1,1101,110103
11-01-03-000-1,crop,cereals,rye,1,1101,110103
11-01-03-000-2,crop,cereals,rye,1,1101,110103
11-01-03-000-3,crop,cereals,rye,1,1101,110103
11-01-03-001-0,crop,cereals,rye,1,1101,110103
11-01-03-001-1,crop,cereals,rye,1,1101,110103
11-01-03-001-2,crop,cereals,rye,1,1101,110103
11-01-03-002-0,crop,cereals,rye,1,1101,110103
11-01-03-002-1,crop,cereals,rye,1,1101,110103
11-01-03-002-2,crop,cereals,rye,1,1101,110103
11-01-04-000-0,crop,cereals,oats,1,1101,110104
11-01-04-000-1,crop,cereals,oats,1,1101,110104
11-01-04-000-2,crop,cereals,oats,1,1101,110104
11-01-04-000-3,crop,cereals,oats,1,1101,110104
11-01-04-001-0,crop,cereals,oats,1,1101,110104
11-01-04-001-1,crop,cereals,oats,1,1101,110104
11-01-04-001-2,crop,cereals,oats,1,1101,110104
11-01-04-002-0,crop,cereals,oats,1,1101,110104
11-01-04-002-1,crop,cereals,oats,1,1101,110104
11-01-04-002-2,crop,cereals,oats,1,1101,110104
11-01-05-000-0,crop,cereals,triticale,1,1101,110105
11-01-05-000-1,crop,cereals,triticale,1,1101,110105
11-01-05-000-2,crop,cereals,triticale,1,1101,110105
11-01-06-000-0,crop,cereals,maize,1,1101,110106
11-01-06-000-1,crop,cereals,maize,1,1101,110106
11-01-06-000-2,crop,cereals,maize,1,1101,110106
11-01-06-000-3,crop,cereals,maize,1,1101,110106
11-01-07-000-0,crop,cereals,millet_sorghum,1,1101,110107
11-01-07-000-1,crop,cereals,millet_sorghum,1,1101,110107
11-01-07-000-2,crop,cereals,millet_sorghum,1,1101,110107
11-01-07-001-0,crop,cereals,millet_sorghum,1,1101,110107
11-01-07-002-0,crop,cereals,millet_sorghum,1,1101,110107
11-01-07-003-0,crop,cereals,millet_sorghum,1,1101,110107
11-01-07-004-0,crop,cereals,millet_sorghum,1,1101,110107
11-01-08-000-0,crop,cereals,rice,1,1101,110108
11-01-09-000-0,crop,cereals,teff,1,1101,110109
11-01-10-000-0,crop,cereals,canary_seed_canaryseed,1,1101,110110
11-01-11-000-0,crop,cereals,cereal_mixtures,1,1101,110111
11-01-11-000-1,crop,cereals,cereal_mixtures,1,1101,110111
11-01-11-001-0,crop,cereals,cereal_mixtures,1,1101,110111
11-01-11-001-1,crop,cereals,cereal_mixtures,1,1101,110111
11-01-11-001-2,crop,cereals,cereal_mixtures,1,1101,110111
11-02-00-000-0,crop,pseudocereal,pseudocereal,1,1102,110200
11-02-00-001-0,crop,pseudocereal,pseudocereal,1,1102,110200
11-02-00-002-0,crop,pseudocereal,pseudocereal,1,1102,110200
11-02-00-003-0,crop,pseudocereal,pseudocereal,1,1102,110200
11-03-00-000-0,crop,not_cereal,not_cereal,1,2,2
11-03-00-009-0,crop,not_cereal,not_cereal,1,2,2
11-03-00-010-0,crop,not_cereal,not_cereal,1,2,2
11-03-01-000-0,crop,not_cereal,not_cereal,1,2,2
11-03-02-000-0,crop,not_cereal,not_cereal,1,2,2
11-03-02-001-0,crop,not_cereal,not_cereal,1,2,2
11-03-02-002-0,crop,not_cereal,not_cereal,1,2,2
11-03-02-003-0,crop,not_cereal,not_cereal,1,2,2
11-03-02-004-0,crop,not_cereal,not_cereal,1,2,2
11-03-02-005-0,crop,not_cereal,not_cereal,1,2,2
11-03-02-006-0,crop,not_cereal,not_cereal,1,2,2
11-03-03-000-0,crop,not_cereal,not_cereal,1,2,2
11-03-03-007-0,crop,not_cereal,not_cereal,1,2,2
11-03-03-008-0,crop,not_cereal,not_cereal,1,2,2
11-03-04-000-0,crop,not_cereal,not_cereal,1,2,2
11-03-04-001-0,crop,not_cereal,not_cereal,1,2,2
11-03-04-002-0,crop,not_cereal,not_cereal,1,2,2
11-03-04-003-0,crop,not_cereal,not_cereal,1,2,2
11-03-05-000-0,crop,not_cereal,not_cereal,1,2,2
11-03-06-000-0,crop,not_cereal,not_cereal,1,2,2
11-03-06-001-0,crop,not_cereal,not_cereal,1,2,2
11-03-06-002-0,crop,not_cereal,not_cereal,1,2,2
11-03-06-003-0,crop,not_cereal,not_cereal,1,2,2
11-03-06-004-0,crop,not_cereal,not_cereal,1,2,2
11-03-06-005-0,crop,not_cereal,not_cereal,1,2,2
11-03-06-006-0,crop,not_cereal,not_cereal,1,2,2
11-03-06-007-0,crop,not_cereal,not_cereal,1,2,2
11-03-06-008-0,crop,not_cereal,not_cereal,1,2,2
11-03-06-009-0,crop,not_cereal,not_cereal,1,2,2
11-03-06-010-0,crop,not_cereal,not_cereal,1,2,2
11-03-06-011-0,crop,not_cereal,not_cereal,1,2,2
11-03-06-012-0,crop,not_cereal,not_cereal,1,2,2
11-03-06-013-0,crop,not_cereal,not_cereal,1,2,2
11-03-06-014-0,crop,not_cereal,not_cereal,1,2,2
11-03-07-000-0,crop,not_cereal,not_cereal,1,2,2
11-03-07-001-0,crop,not_cereal,not_cereal,1,2,2
11-03-07-002-0,crop,not_cereal,not_cereal,1,2,2
11-03-08-000-0,crop,not_cereal,not_cereal,1,2,2
11-03-08-001-0,crop,not_cereal,not_cereal,1,2,2
11-03-08-002-0,crop,not_cereal,not_cereal,1,2,2
11-03-08-002-1,crop,not_cereal,not_cereal,1,2,2
11-03-08-003-0,crop,not_cereal,not_cereal,1,2,2
11-03-08-004-0,crop,not_cereal,not_cereal,1,2,2
11-03-08-005-0,crop,not_cereal,not_cereal,1,2,2
11-03-08-006-0,crop,not_cereal,not_cereal,1,2,2
11-03-08-007-0,crop,not_cereal,not_cereal,1,2,2
11-03-08-008-0,crop,not_cereal,not_cereal,1,2,2
11-03-08-009-0,crop,not_cereal,not_cereal,1,2,2
11-03-08-010-0,crop,not_cereal,not_cereal,1,2,2
11-03-08-011-0,crop,not_cereal,not_cereal,1,2,2
11-03-09-000-0,crop,not_cereal,not_cereal,1,2,2
11-03-09-001-0,crop,not_cereal,not_cereal,1,2,2
11-03-09-002-0,crop,not_cereal,not_cereal,1,2,2
11-03-09-003-0,crop,not_cereal,not_cereal,1,2,2
11-03-09-004-0,crop,not_cereal,not_cereal,1,2,2
11-03-09-004-1,crop,not_cereal,not_cereal,1,2,2
11-03-09-005-0,crop,not_cereal,not_cereal,1,2,2
11-03-09-006-0,crop,not_cereal,not_cereal,1,2,2
11-03-09-006-1,crop,not_cereal,not_cereal,1,2,2
11-03-09-007-0,crop,not_cereal,not_cereal,1,2,2
11-03-09-007-1,crop,not_cereal,not_cereal,1,2,2
11-03-09-007-2,crop,not_cereal,not_cereal,1,2,2
11-03-09-007-3,crop,not_cereal,not_cereal,1,2,2
11-03-09-008-0,crop,not_cereal,not_cereal,1,2,2
11-03-09-009-0,crop,not_cereal,not_cereal,1,2,2
11-03-09-010-0,crop,not_cereal,not_cereal,1,2,2
11-03-09-011-0,crop,not_cereal,not_cereal,1,2,2
11-03-10-000-0,crop,not_cereal,not_cereal,1,2,2
11-03-11-000-0,crop,not_cereal,not_cereal,1,2,2
11-03-11-001-0,crop,not_cereal,not_cereal,1,2,2
11-03-11-002-0,crop,not_cereal,not_cereal,1,2,2
11-03-11-003-0,crop,not_cereal,not_cereal,1,2,2
11-03-11-004-0,crop,not_cereal,not_cereal,1,2,2
11-03-11-004-1,crop,not_cereal,not_cereal,1,2,2
11-03-11-004-2,crop,not_cereal,not_cereal,1,2,2
11-03-11-005-0,crop,not_cereal,not_cereal,1,2,2
11-03-11-006-0,crop,not_cereal,not_cereal,1,2,2
11-03-11-007-0,crop,not_cereal,not_cereal,1,2,2
11-03-12-000-0,crop,not_cereal,not_cereal,1,2,2
11-03-12-001-0,crop,not_cereal,not_cereal,1,2,2
11-03-13-000-0,crop,not_cereal,not_cereal,1,2,2
11-04-00-000-0,crop,not_cereal,not_cereal,1,2,2
11-04-00-001-0,crop,not_cereal,not_cereal,1,2,2
11-04-00-002-0,crop,not_cereal,not_cereal,1,2,2
11-05-00-000-0,crop,not_cereal,not_cereal,1,2,2
11-05-00-001-0,crop,not_cereal,not_cereal,1,2,2
11-05-00-002-0,crop,not_cereal,not_cereal,1,2,2
11-05-00-003-0,crop,not_cereal,not_cereal,1,2,2
11-05-00-003-1,crop,not_cereal,not_cereal,1,2,2
11-05-00-004-0,crop,not_cereal,not_cereal,1,2,2
11-05-00-004-1,crop,not_cereal,not_cereal,1,2,2
11-05-00-004-2,crop,not_cereal,not_cereal,1,2,2
11-05-00-004-3,crop,not_cereal,not_cereal,1,2,2
11-05-00-004-4,crop,not_cereal,not_cereal,1,2,2
11-05-01-000-0,crop,not_cereal,not_cereal,1,2,2
11-05-01-001-0,crop,not_cereal,not_cereal,1,2,2
11-05-01-002-0,crop,not_cereal,not_cereal,1,2,2
11-05-01-002-1,crop,not_cereal,not_cereal,1,2,2
11-05-01-002-2,crop,not_cereal,not_cereal,1,2,2
11-05-01-002-3,crop,not_cereal,not_cereal,1,2,2
11-05-01-002-4,crop,not_cereal,not_cereal,1,2,2
11-05-01-002-5,crop,not_cereal,not_cereal,1,2,2
11-05-01-003-0,crop,not_cereal,not_cereal,1,2,2
11-05-01-003-1,crop,not_cereal,not_cereal,1,2,2
11-05-01-003-2,crop,not_cereal,not_cereal,1,2,2
11-05-01-003-3,crop,not_cereal,not_cereal,1,2,2
11-05-01-004-0,crop,not_cereal,not_cereal,1,2,2
11-05-01-005-0,crop,not_cereal,not_cereal,1,2,2
11-05-01-006-0,crop,not_cereal,not_cereal,1,2,2
11-05-01-007-0,crop,not_cereal,not_cereal,1,2,2
11-05-02-000-0,crop,not_cereal,not_cereal,1,2,2
11-06-00-000-0,crop,not_cereal,not_cereal,1,2,2
11-06-00-001-0,crop,not_cereal,not_cereal,1,2,2
11-06-00-002-0,crop,not_cereal,not_cereal,1,2,2
11-06-00-003-0,crop,not_cereal,not_cereal,1,2,2
11-06-00-003-1,crop,not_cereal,not_cereal,1,2,2
11-06-00-003-2,crop,not_cereal,not_cereal,1,2,2
11-06-00-003-3,crop,not_cereal,not_cereal,1,2,2
11-06-00-004-0,crop,not_cereal,not_cereal,1,2,2
11-06-00-005-0,crop,not_cereal,not_cereal,1,2,2
11-06-00-006-0,crop,not_cereal,not_cereal,1,2,2
11-06-00-007-0,crop,not_cereal,not_cereal,1,2,2
11-06-00-007-1,crop,not_cereal,not_cereal,1,2,2
11-06-00-007-2,crop,not_cereal,not_cereal,1,2,2
11-06-00-007-3,crop,not_cereal,not_cereal,1,2,2
11-06-00-008-0,crop,not_cereal,not_cereal,1,2,2
11-06-00-009-0,crop,not_cereal,not_cereal,1,2,2
11-06-00-010-0,crop,not_cereal,not_cereal,1,2,2
11-06-00-011-0,crop,not_cereal,not_cereal,1,2,2
11-06-00-012-0,crop,not_cereal,not_cereal,1,2,2
11-06-01-000-0,crop,not_cereal,not_cereal,1,2,2
11-07-00-000-0,crop,not_cereal,not_cereal,1,2,2
11-07-00-001-0,crop,not_cereal,not_cereal,1,2,2
11-07-00-001-1,crop,not_cereal,not_cereal,1,2,2
11-07-00-001-2,crop,not_cereal,not_cereal,1,2,2
11-07-00-001-3,crop,not_cereal,not_cereal,1,2,2
11-07-00-002-0,crop,not_cereal,not_cereal,1,2,2
11-07-00-003-0,crop,not_cereal,not_cereal,1,2,2
11-07-00-003-1,crop,not_cereal,not_cereal,1,2,2
11-07-00-003-2,crop,not_cereal,not_cereal,1,2,2
11-07-00-004-0,crop,not_cereal,not_cereal,1,2,2
11-07-00-005-0,crop,not_cereal,not_cereal,1,2,2
11-08-00-000-0,crop,not_cereal,not_cereal,1,2,2
11-08-00-001-0,crop,not_cereal,not_cereal,1,2,2
11-08-00-002-0,crop,not_cereal,not_cereal,1,2,2
11-08-00-003-0,crop,not_cereal,not_cereal,1,2,2
11-08-01-000-0,crop,not_cereal,not_cereal,1,2,2
11-09-00-000-0,crop,not_cereal,not_cereal,1,2,2
11-09-00-001-0,crop,not_cereal,not_cereal,1,2,2
11-09-00-002-0,crop,not_cereal,not_cereal,1,2,2
11-09-00-003-0,crop,not_cereal,not_cereal,1,2,2
11-09-00-004-0,crop,not_cereal,not_cereal,1,2,2
11-09-00-005-0,crop,not_cereal,not_cereal,1,2,2
11-09-00-006-0,crop,not_cereal,not_cereal,1,2,2
11-09-00-007-0,crop,not_cereal,not_cereal,1,2,2
11-09-00-008-0,crop,not_cereal,not_cereal,1,2,2
11-09-00-009-0,crop,not_cereal,not_cereal,1,2,2
11-09-00-010-0,crop,not_cereal,not_cereal,1,2,2
11-09-00-011-0,crop,not_cereal,not_cereal,1,2,2
11-09-00-012-0,crop,not_cereal,not_cereal,1,2,2
11-09-00-013-0,crop,not_cereal,not_cereal,1,2,2
11-09-00-014-0,crop,not_cereal,not_cereal,1,2,2
11-09-00-015-0,crop,not_cereal,not_cereal,1,2,2
11-09-00-016-0,crop,not_cereal,not_cereal,1,2,2
11-09-00-017-0,crop,not_cereal,not_cereal,1,2,2
11-09-00-018-0,crop,not_cereal,not_cereal,1,2,2
11-09-00-019-0,crop,not_cereal,not_cereal,1,2,2
11-09-00-020-0,crop,not_cereal,not_cereal,1,2,2
11-09-00-021-0,crop,not_cereal,not_cereal,1,2,2
11-09-00-022-0,crop,not_cereal,not_cereal,1,2,2
11-09-00-023-0,crop,not_cereal,not_cereal,1,2,2
11-09-00-024-0,crop,not_cereal,not_cereal,1,2,2
11-09-00-025-0,crop,not_cereal,not_cereal,1,2,2
11-09-00-026-0,crop,not_cereal,not_cereal,1,2,2
11-09-00-027-0,crop,not_cereal,not_cereal,1,2,2
11-09-00-028-0,crop,not_cereal,not_cereal,1,2,2
11-09-00-028-1,crop,not_cereal,not_cereal,1,2,2
11-09-00-029-0,crop,not_cereal,not_cereal,1,2,2
11-09-00-030-0,crop,not_cereal,not_cereal,1,2,2
11-09-00-031-0,crop,not_cereal,not_cereal,1,2,2
11-09-00-032-0,crop,not_cereal,not_cereal,1,2,2
11-09-00-033-0,crop,not_cereal,not_cereal,1,2,2
11-09-00-034-0,crop,not_cereal,not_cereal,1,2,2
11-09-00-035-0,crop,not_cereal,not_cereal,1,2,2
11-09-00-036-0,crop,not_cereal,not_cereal,1,2,2
11-09-00-037-0,crop,not_cereal,not_cereal,1,2,2
11-09-00-038-0,crop,not_cereal,not_cereal,1,2,2
11-09-00-039-0,crop,not_cereal,not_cereal,1,2,2
11-09-00-040-0,crop,not_cereal,not_cereal,1,2,2
11-09-00-041-0,crop,not_cereal,not_cereal,1,2,2
11-09-00-045-0,crop,not_cereal,not_cereal,1,2,2
11-09-00-046-0,crop,not_cereal,not_cereal,1,2,2
11-09-00-047-0,crop,not_cereal,not_cereal,1,2,2
11-09-00-048-0,crop,not_cereal,not_cereal,1,2,2
11-09-00-049-0,crop,not_cereal,not_cereal,1,2,2
11-09-00-049-1,crop,not_cereal,not_cereal,1,2,2
11-09-00-049-2,crop,not_cereal,not_cereal,1,2,2
11-09-00-050-0,crop,not_cereal,not_cereal,1,2,2
11-09-00-051-0,crop,not_cereal,not_cereal,1,2,2
11-09-00-052-0,crop,not_cereal,not_cereal,1,2,2
11-09-00-052-1,crop,not_cereal,not_cereal,1,2,2
11-09-00-052-2,crop,not_cereal,not_cereal,1,2,2
11-09-00-053-0,crop,not_cereal,not_cereal,1,2,2
11-09-00-053-1,crop,not_cereal,not_cereal,1,2,2
11-09-00-054-0,crop,not_cereal,not_cereal,1,2,2
11-09-00-055-0,crop,not_cereal,not_cereal,1,2,2
11-09-00-055-1,crop,not_cereal,not_cereal,1,2,2
11-09-00-055-2,crop,not_cereal,not_cereal,1,2,2
11-09-00-056-0,crop,not_cereal,not_cereal,1,2,2
11-09-00-057-0,crop,not_cereal,not_cereal,1,2,2
11-09-00-058-0,crop,not_cereal,not_cereal,1,2,2
11-09-00-059-0,crop,not_cereal,not_cereal,1,2,2
11-10-00-000-0,crop,not_cereal,not_cereal,1,2,2
11-10-00-001-0,crop,not_cereal,not_cereal,1,2,2
11-10-00-002-0,crop,not_cereal,not_cereal,1,2,2
11-10-00-003-0,crop,not_cereal,not_cereal,1,2,2
11-10-00-004-0,crop,not_cereal,not_cereal,1,2,2
11-10-00-005-0,crop,not_cereal,not_cereal,1,2,2
11-10-00-006-0,crop,not_cereal,not_cereal,1,2,2
11-10-00-007-0,crop,not_cereal,not_cereal,1,2,2
11-10-00-008-0,crop,not_cereal,not_cereal,1,2,2
11-10-00-009-0,crop,not_cereal,not_cereal,1,2,2
11-10-00-010-0,crop,not_cereal,not_cereal,1,2,2
11-10-00-011-0,crop,not_cereal,not_cereal,1,2,2
11-10-00-012-0,crop,not_cereal,not_cereal,1,2,2
11-10-00-013-0,crop,not_cereal,not_cereal,1,2,2
11-10-00-014-0,crop,not_cereal,not_cereal,1,2,2
11-10-00-015-0,crop,not_cereal,not_cereal,1,2,2
11-10-00-016-0,crop,not_cereal,not_cereal,1,2,2
11-10-00-017-0,crop,not_cereal,not_cereal,1,2,2
11-10-00-018-0,crop,not_cereal,not_cereal,1,2,2
11-10-00-019-0,crop,not_cereal,not_cereal,1,2,2
11-10-00-020-0,crop,not_cereal,not_cereal,1,2,2
11-10-00-021-0,crop,not_cereal,not_cereal,1,2,2
11-10-00-022-0,crop,not_cereal,not_cereal,1,2,2
11-10-00-023-0,crop,not_cereal,not_cereal,1,2,2
11-10-00-024-0,crop,not_cereal,not_cereal,1,2,2
11-10-00-025-0,crop,not_cereal,not_cereal,1,2,2
11-10-00-026-0,crop,not_cereal,not_cereal,1,2,2
11-10-00-027-0,crop,not_cereal,not_cereal,1,2,2
11-10-00-028-0,crop,not_cereal,not_cereal,1,2,2
11-10-00-029-0,crop,not_cereal,not_cereal,1,2,2
11-10-00-030-0,crop,not_cereal,not_cereal,1,2,2
11-10-00-031-0,crop,not_cereal,not_cereal,1,2,2
11-10-00-032-0,crop,not_cereal,not_cereal,1,2,2
11-10-00-033-0,crop,not_cereal,not_cereal,1,2,2
11-10-00-034-0,crop,not_cereal,not_cereal,1,2,2
11-10-00-035-0,crop,not_cereal,not_cereal,1,2,2
11-10-00-036-0,crop,not_cereal,not_cereal,1,2,2
11-10-00-037-0,crop,not_cereal,not_cereal,1,2,2
11-10-00-038-0,crop,not_cereal,not_cereal,1,2,2
11-10-00-039-0,crop,not_cereal,not_cereal,1,2,2
11-10-00-040-0,crop,not_cereal,not_cereal,1,2,2
11-10-00-041-0,crop,not_cereal,not_cereal,1,2,2
11-10-00-042-0,crop,not_cereal,not_cereal,1,2,2
11-10-00-043-0,crop,not_cereal,not_cereal,1,2,2
11-10-00-044-0,crop,not_cereal,not_cereal,1,2,2
11-10-00-045-0,crop,not_cereal,not_cereal,1,2,2
11-10-00-046-0,crop,not_cereal,not_cereal,1,2,2
11-10-00-047-0,crop,not_cereal,not_cereal,1,2,2
11-10-00-048-0,crop,not_cereal,not_cereal,1,2,2
11-10-00-049-0,crop,not_cereal,not_cereal,1,2,2
11-10-00-050-0,crop,not_cereal,not_cereal,1,2,2
11-10-00-051-0,crop,not_cereal,not_cereal,1,2,2
11-10-00-052-0,crop,not_cereal,not_cereal,1,2,2
11-10-00-053-0,crop,not_cereal,not_cereal,1,2,2
11-10-00-054-0,crop,not_cereal,not_cereal,1,2,2
11-10-00-055-0,crop,not_cereal,not_cereal,1,2,2
11-11-00-000-0,crop,not_cereal,not_cereal,1,2,2
11-11-00-001-0,crop,not_cereal,not_cereal,1,2,2
11-11-00-002-0,crop,not_cereal,not_cereal,1,2,2
11-11-01-000-0,crop,not_cereal,not_cereal,1,2,2
11-11-01-001-0,crop,not_cereal,not_cereal,1,2,2
11-11-01-002-0,crop,not_cereal,not_cereal,1,2,2
11-11-01-003-0,crop,not_cereal,not_cereal,1,2,2
11-11-01-004-0,crop,not_cereal,not_cereal,1,2,2
11-11-01-005-0,crop,not_cereal,not_cereal,1,2,2
11-11-01-006-0,crop,not_cereal,not_cereal,1,2,2
11-11-01-007-0,crop,not_cereal,not_cereal,1,2,2
11-11-01-008-0,crop,not_cereal,not_cereal,1,2,2
11-11-01-009-0,crop,not_cereal,not_cereal,1,2,2
11-11-01-010-0,crop,not_cereal,not_cereal,1,2,2
11-11-01-011-0,crop,not_cereal,not_cereal,1,2,2
11-11-01-012-0,crop,not_cereal,not_cereal,1,2,2
11-11-01-013-0,crop,not_cereal,not_cereal,1,2,2
11-11-01-014-0,crop,not_cereal,not_cereal,1,2,2
11-11-02-000-0,crop,not_cereal,not_cereal,1,2,2
11-11-02-001-0,crop,not_cereal,not_cereal,1,2,2
11-11-02-001-1,crop,not_cereal,not_cereal,1,2,2
11-11-02-001-2,crop,not_cereal,not_cereal,1,2,2
11-11-02-002-0,crop,not_cereal,not_cereal,1,2,2
11-11-02-003-0,crop,not_cereal,not_cereal,1,2,2
11-11-02-003-1,crop,not_cereal,not_cereal,1,2,2
11-11-02-003-2,crop,not_cereal,not_cereal,1,2,2
11-11-02-004-0,crop,not_cereal,not_cereal,1,2,2
11-11-02-005-0,crop,not_cereal,not_cereal,1,2,2
11-11-02-005-1,crop,not_cereal,not_cereal,1,2,2
11-11-02-005-2,crop,not_cereal,not_cereal,1,2,2
11-11-02-006-0,crop,not_cereal,not_cereal,1,2,2
11-11-02-007-0,crop,not_cereal,not_cereal,1,2,2
11-11-02-008-0,crop,not_cereal,not_cereal,1,2,2
11-11-02-009-0,crop,not_cereal,not_cereal,1,2,2
11-11-04-000-0,crop,not_cereal,not_cereal,1,2,2
11-11-05-000-0,crop,not_cereal,not_cereal,1,2,2
11-11-05-001-0,crop,not_cereal,not_cereal,1,2,2
11-12-00-000-0,crop,not_cereal,not_cereal,1,2,2
11-13-00-000-0,crop,not_cereal,not_cereal,1,2,2
11-14-00-000-0,crop,not_cereal,not_cereal,1,2,2
11-14-01-000-0,crop,not_cereal,not_cereal,1,2,2
11-14-01-001-0,crop,not_cereal,not_cereal,1,2,2
11-14-01-002-0,crop,not_cereal,not_cereal,1,2,2
11-14-01-003-0,crop,not_cereal,not_cereal,1,2,2
11-14-01-004-0,crop,not_cereal,not_cereal,1,2,2
11-14-01-005-0,crop,not_cereal,not_cereal,1,2,2
11-14-01-006-0,crop,not_cereal,not_cereal,1,2,2
11-14-02-000-0,crop,not_cereal,not_cereal,1,2,2
11-14-02-001-0,crop,not_cereal,not_cereal,1,2,2
11-14-02-002-0,crop,not_cereal,not_cereal,1,2,2
11-14-03-000-0,crop,not_cereal,not_cereal,1,2,2
11-14-03-001-0,crop,not_cereal,not_cereal,1,2,2
11-14-03-002-0,crop,not_cereal,not_cereal,1,2,2
11-14-03-003-0,crop,not_cereal,not_cereal,1,2,2
11-14-04-000-0,crop,not_cereal,not_cereal,1,2,2
11-14-04-001-0,crop,not_cereal,not_cereal,1,2,2
11-14-04-002-0,crop,not_cereal,not_cereal,1,2,2
11-14-05-000-0,crop,not_cereal,not_cereal,1,2,2
11-15-00-000-0,not_crop,not_crop,not_crop,0,0,0
11-15-00-000-1,not_crop,not_crop,not_crop,0,0,0
11-15-00-000-2,not_crop,not_crop,not_crop,0,0,0
12-00-00-000-0,not_crop,not_crop,not_crop,0,0,0
12-01-00-000-0,not_crop,not_crop,not_crop,0,0,0
12-01-00-001-0,not_crop,not_crop,not_crop,0,0,0
12-01-00-001-1,not_crop,not_crop,not_crop,0,0,0
12-01-00-001-2,not_crop,not_crop,not_crop,0,0,0
12-01-00-001-3,not_crop,not_crop,not_crop,0,0,0
12-01-00-001-4,not_crop,not_crop,not_crop,0,0,0
12-01-01-000-0,not_crop,not_crop,not_crop,0,0,0
12-01-01-001-0,not_crop,not_crop,not_crop,0,0,0
12-01-01-002-0,not_crop,not_crop,not_crop,0,0,0
12-01-01-002-1,not_crop,not_crop,not_crop,0,0,0
12-01-01-002-2,not_crop,not_crop,not_crop,0,0,0
12-01-01-003-0,not_crop,not_crop,not_crop,0,0,0
12-01-01-004-0,not_crop,not_crop,not_crop,0,0,0
12-01-01-005-0,not_crop,not_crop,not_crop,0,0,0
12-01-01-006-0,not_crop,not_crop,not_crop,0,0,0
12-01-01-007-0,not_crop,not_crop,not_crop,0,0,0
12-01-01-008-0,not_crop,not_crop,not_crop,0,0,0
12-01-01-009-0,not_crop,not_crop,not_crop,0,0,0
12-01-01-010-0,not_crop,not_crop,not_crop,0,0,0
12-01-01-011-0,not_crop,not_crop,not_crop,0,0,0
12-01-01-011-1,not_crop,not_crop,not_crop,0,0,0
12-01-01-011-2,not_crop,not_crop,not_crop,0,0,0
12-01-01-011-3,not_crop,not_crop,not_crop,0,0,0
12-01-01-012-0,not_crop,not_crop,not_crop,0,0,0
12-01-01-013-0,not_crop,not_crop,not_crop,0,0,0
12-01-01-014-0,not_crop,not_crop,not_crop,0,0,0
12-01-01-015-0,not_crop,not_crop,not_crop,0,0,0
12-01-01-016-0,not_crop,not_crop,not_crop,0,0,0
12-01-01-017-0,not_crop,not_crop,not_crop,0,0,0
12-01-01-018-0,not_crop,not_crop,not_crop,0,0,0
12-01-02-000-0,not_crop,not_crop,not_crop,0,0,0
12-01-02-001-0,not_crop,not_crop,not_crop,0,0,0
12-01-02-002-0,not_crop,not_crop,not_crop,0,0,0
12-01-02-003-0,not_crop,not_crop,not_crop,0,0,0
12-01-02-004-0,not_crop,not_crop,not_crop,0,0,0
12-01-02-005-0,not_crop,not_crop,not_crop,0,0,0
12-01-02-006-0,not_crop,not_crop,not_crop,0,0,0
12-01-03-000-0,not_crop,not_crop,not_crop,0,0,0
12-01-03-001-0,not_crop,not_crop,not_crop,0,0,0
12-01-03-002-0,not_crop,not_crop,not_crop,0,0,0
12-01-03-003-0,not_crop,not_crop,not_crop,0,0,0
12-01-03-004-0,not_crop,not_crop,not_crop,0,0,0
12-01-03-005-0,not_crop,not_crop,not_crop,0,0,0
12-01-04-000-0,not_crop,not_crop,not_crop,0,0,0
12-01-04-001-0,not_crop,not_crop,not_crop,0,0,0
12-01-04-002-0,not_crop,not_crop,not_crop,0,0,0
12-01-04-003-0,not_crop,not_crop,not_crop,0,0,0
12-01-04-004-0,not_crop,not_crop,not_crop,0,0,0
12-01-04-005-0,not_crop,not_crop,not_crop,0,0,0
12-01-04-006-0,not_crop,not_crop,not_crop,0,0,0
12-01-04-007-0,not_crop,not_crop,not_crop,0,0,0
12-01-05-000-0,not_crop,not_crop,not_crop,0,0,0
12-01-05-001-0,not_crop,not_crop,not_crop,0,0,0
12-01-05-002-0,not_crop,not_crop,not_crop,0,0,0
12-01-05-003-0,not_crop,not_crop,not_crop,0,0,0
12-01-05-004-0,not_crop,not_crop,not_crop,0,0,0
12-01-05-005-0,not_crop,not_crop,not_crop,0,0,0
12-01-05-006-0,not_crop,not_crop,not_crop,0,0,0
12-01-05-007-0,not_crop,not_crop,not_crop,0,0,0
12-01-05-008-0,not_crop,not_crop,not_crop,0,0,0
12-01-05-009-0,not_crop,not_crop,not_crop,0,0,0
12-01-05-010-0,not_crop,not_crop,not_crop,0,0,0
12-01-05-010-1,not_crop,not_crop,not_crop,0,0,0
12-01-05-011-0,not_crop,not_crop,not_crop,0,0,0
12-01-05-012-0,not_crop,not_crop,not_crop,0,0,0
12-01-05-013-0,not_crop,not_crop,not_crop,0,0,0
12-01-05-014-0,not_crop,not_crop,not_crop,0,0,0
12-01-05-015-0,not_crop,not_crop,not_crop,0,0,0
12-01-05-016-0,not_crop,not_crop,not_crop,0,0,0
12-01-05-017-0,not_crop,not_crop,not_crop,0,0,0
12-01-06-000-0,not_crop,not_crop,not_crop,0,0,0
12-02-00-000-0,not_crop,not_crop,not_crop,0,0,0
12-02-00-001-0,not_crop,not_crop,not_crop,0,0,0
12-02-00-002-0,not_crop,not_crop,not_crop,0,0,0
12-02-00-003-0,not_crop,not_crop,not_crop,0,0,0
12-02-00-004-0,not_crop,not_crop,not_crop,0,0,0
12-02-00-005-0,not_crop,not_crop,not_crop,0,0,0
12-02-00-006-0,not_crop,not_crop,not_crop,0,0,0
12-03-00-000-0,not_crop,not_crop,not_crop,0,0,0
12-03-00-001-0,not_crop,not_crop,not_crop,0,0,0
12-03-00-001-1,not_crop,not_crop,not_crop,0,0,0
12-03-00-001-2,not_crop,not_crop,not_crop,0,0,0
12-03-00-002-0,not_crop,not_crop,not_crop,0,0,0
12-03-00-003-0,not_crop,not_crop,not_crop,0,0,0
12-03-00-004-0,not_crop,not_crop,not_crop,0,0,0
12-04-00-000-0,not_crop,not_crop,not_crop,0,0,0
12-04-00-001-0,not_crop,not_crop,not_crop,0,0,0
12-04-00-002-0,not_crop,not_crop,not_crop,0,0,0
12-04-00-003-0,not_crop,not_crop,not_crop,0,0,0
12-05-00-000-0,not_crop,not_crop,not_crop,0,0,0
12-06-00-000-0,not_crop,not_crop,not_crop,0,0,0
12-06-00-001-0,not_crop,not_crop,not_crop,0,0,0
12-06-00-002-0,not_crop,not_crop,not_crop,0,0,0
12-06-00-003-0,not_crop,not_crop,not_crop,0,0,0
12-06-00-004-0,not_crop,not_crop,not_crop,0,0,0
12-06-00-005-0,not_crop,not_crop,not_crop,0,0,0
12-06-00-006-0,not_crop,not_crop,not_crop,0,0,0
12-06-00-007-0,not_crop,not_crop,not_crop,0,0,0
12-06-00-008-0,not_crop,not_crop,not_crop,0,0,0
12-06-00-009-0,not_crop,not_crop,not_crop,0,0,0
12-06-00-010-0,not_crop,not_crop,not_crop,0,0,0
12-06-00-011-0,not_crop,not_crop,not_crop,0,0,0
12-07-00-000-0,not_crop,not_crop,not_crop,0,0,0
12-08-00-000-0,not_crop,not_crop,not_crop,0,0,0
12-09-00-000-0,not_crop,not_crop,not_crop,0,0,0
12-10-00-000-0,not_crop,not_crop,not_crop,0,0,0
12-10-00-001-0,not_crop,not_crop,not_crop,0,0,0
12-10-00-002-0,not_crop,not_crop,not_crop,0,0,0
12-10-00-003-0,not_crop,not_crop,not_crop,0,0,0
12-11-00-000-0,not_crop,not_crop,not_crop,0,0,0
13-00-00-000-0,not_crop,not_crop,not_crop,0,0,0
13-01-00-000-0,not_crop,not_crop,not_crop,0,0,0
13-02-00-000-0,not_crop,not_crop,not_crop,0,0,0
13-03-00-000-0,not_crop,not_crop,not_crop,0,0,0
13-04-00-000-0,not_crop,not_crop,not_crop,0,0,0
13-05-00-000-0,not_crop,not_crop,not_crop,0,0,0
13-06-00-000-0,not_crop,not_crop,not_crop,0,0,0
13-07-00-000-0,not_crop,not_crop,not_crop,0,0,0
13-08-00-000-0,not_crop,not_crop,not_crop,0,0,0
13-09-00-000-0,not_crop,not_crop,not_crop,0,0,0
13-10-00-000-0,not_crop,not_crop,not_crop,0,0,0
14-00-00-000-0,not_crop,not_crop,not_crop,0,0,0
14-01-00-000-0,not_crop,not_crop,not_crop,0,0,0
14-02-00-000-0,not_crop,not_crop,not_crop,0,0,0
14-03-00-000-0,not_crop,not_crop,not_crop,0,0,0
15-00-00-000-0,not_crop,not_crop,not_crop,0,0,0
15-01-00-000-0,not_crop,not_crop,not_crop,0,0,0
15-02-00-000-0,not_crop,not_crop,not_crop,0,0,0
15-03-00-000-0,not_crop,not_crop,not_crop,0,0,0
15-04-00-000-0,not_crop,not_crop,not_crop,0,0,0
16-00-00-000-0,not_crop,not_crop,not_crop,0,0,0
17-00-00-000-0,not_crop,not_crop,not_crop,0,0,0
20-00-00-000-0,not_crop,not_crop,not_crop,0,0,0
20-01-00-000-0,not_crop,not_crop,not_crop,0,0,0
20-02-00-000-0,not_crop,not_crop,not_crop,0,0,0
20-03-00-000-0,not_crop,not_crop,not_crop,0,0,0
20-04-00-000-0,not_crop,not_crop,not_crop,0,0,0
20-05-00-000-0,not_crop,not_crop,not_crop,0,0,0
20-06-00-000-0,not_crop,not_crop,not_crop,0,0,0
30-00-00-000-0,not_crop,not_crop,not_crop,0,0,0
30-01-00-000-0,not_crop,not_crop,not_crop,0,0,0
30-02-00-000-0,not_crop,not_crop,not_crop,0,0,0
30-03-00-000-0,not_crop,not_crop,not_crop,0,0,0
30-04-00-000-0,not_crop,not_crop,not_crop,0,0,0
30-05-00-000-0,not_crop,not_crop,not_crop,0,0,0
30-06-00-000-0,not_crop,not_crop,not_crop,0,0,0
40-00-00-000-0,not_crop,not_crop,not_crop,0,0,0
40-01-00-000-0,not_crop,not_crop,not_crop,0,0,0
41-00-00-000-0,not_crop,not_crop,not_crop,0,0,0
41-01-00-000-0,not_crop,not_crop,not_crop,0,0,0
41-01-00-001-0,not_crop,not_crop,not_crop,0,0,0
41-02-00-000-0,not_crop,not_crop,not_crop,0,0,0
41-02-00-001-0,not_crop,not_crop,not_crop,0,0,0
41-02-00-002-0,not_crop,not_crop,not_crop,0,0,0
41-02-00-003-0,not_crop,not_crop,not_crop,0,0,0
41-02-00-004-0,not_crop,not_crop,not_crop,0,0,0
41-02-00-005-0,not_crop,not_crop,not_crop,0,0,0
41-02-00-006-0,not_crop,not_crop,not_crop,0,0,0
41-02-00-007-0,not_crop,not_crop,not_crop,0,0,0
42-00-00-000-0,not_crop,not_crop,not_crop,0,0,0
42-01-00-000-0,not_crop,not_crop,not_crop,0,0,0
42-01-00-001-0,not_crop,not_crop,not_crop,0,0,0
42-01-00-002-0,not_crop,not_crop,not_crop,0,0,0
42-02-00-000-0,not_crop,not_crop,not_crop,0,0,0
43-00-00-000-0,not_crop,not_crop,not_crop,0,0,0
43-00-00-001-0,not_crop,not_crop,not_crop,0,0,0
43-00-00-002-0,not_crop,not_crop,not_crop,0,0,0
43-01-00-000-0,not_crop,not_crop,not_crop,0,0,0
43-02-00-000-0,not_crop,not_crop,not_crop,0,0,0
50-00-00-000-0,not_crop,not_crop,not_crop,0,0,0
50-01-00-000-0,not_crop,not_crop,not_crop,0,0,0
50-02-00-000-0,not_crop,not_crop,not_crop,0,0,0
50-03-00-000-0,not_crop,not_crop,not_crop,0,0,0
50-04-00-000-0,not_crop,not_crop,not_crop,0,0,0
50-05-00-000-0,not_crop,not_crop,not_crop,0,0,0
50-06-00-000-0,not_crop,not_crop,not_crop,0,0,0
50-07-00-000-0,not_crop,not_crop,not_crop,0,0,0
50-08-00-000-0,not_crop,not_crop,not_crop,0,0,0
50-09-00-000-0,not_crop,not_crop,not_crop,0,0,0
50-10-00-000-0,not_crop,not_crop,not_crop,0,0,0
60-00-00-000-0,not_crop,not_crop,not_crop,0,0,0
60-01-00-000-0,not_crop,not_crop,not_crop,0,0,0
60-02-00-000-0,not_crop,not_crop,not_crop,0,0,0
60-03-00-000-0,not_crop,not_crop,not_crop,0,0,0
60-04-00-000-0,not_crop,not_crop,not_crop,0,0,0
70-00-00-000-0,not_crop,not_crop,not_crop,0,0,0
70-01-00-000-0,not_crop,not_crop,not_crop,0,0,0
70-02-00-000-0,not_crop,not_crop,not_crop,0,0,0
70-03-00-000-0,not_crop,not_crop,not_crop,0,0,0
70-04-00-000-0,not_crop,not_crop,not_crop,0,0,0