ewoc_code,cropland_name,landcover_name,cropgroup_name,croptype_name,worldcereal_croptype_name,cropland_label,landcover_label,cropgroup_label,croptype_label,worldcereal_croptype_label
00-00-00-000-0,unknown,unknown,unknown,unknown,unknown,-1,-1,-1,-1,-1
10-00-00-000-0,cropland_unspecified,cropland_unspecified,cropland_unspecified,cropland_unspecified,cropland_unspecified,-1,-1,-1,-1,-1
11-00-00-000-0,temporary_crops,temporary_crops,temporary_crops,temporary_crops,temporary_crops,11,110000000,110000000,110000000,110000000
11-01-00-000-0,temporary_crops,cereals,unspecified_cereal,unspecified_cereal,cereals,11,110100000,110100000,110100000,110100000
11-01-00-000-1,temporary_crops,cereals,unspecified_cereal,unspecified_cereal,cereals,11,110100000,110100000,110100000,110100000
11-01-00-000-2,temporary_crops,cereals,unspecified_cereal,unspecified_cereal,cereals,11,110100000,110100000,110100000,110100000
11-01-01-000-0,temporary_crops,cereals,wheat,unspecified_wheat,wheat,11,110100000,110101000,110101000,110101000
11-01-01-000-1,temporary_crops,cereals,wheat,unspecified_wheat,wheat,11,110100000,110101000,110101000,110101000
11-01-01-000-2,temporary_crops,cereals,wheat,unspecified_wheat,wheat,11,110100000,110101000,110101000,110101000
11-01-01-000-3,temporary_crops,cereals,wheat,unspecified_wheat,wheat,11,110100000,110101000,110101000,110101000
11-01-01-001-0,temporary_crops,cereals,wheat,common_soft_wheat,wheat,11,110100000,110101000,110101001,110101000
11-01-01-001-1,temporary_crops,cereals,wheat,common_soft_wheat,wheat,11,110100000,110101000,110101001,110101000
11-01-01-001-2,temporary_crops,cereals,wheat,common_soft_wheat,wheat,11,110100000,110101000,110101001,110101000
11-01-01-002-0,temporary_crops,cereals,wheat,durum_hard_wheat,wheat,11,110100000,110101000,110101002,110101000
11-01-01-002-1,temporary_crops,cereals,wheat,durum_hard_wheat,wheat,11,110100000,110101000,110101002,110101000
11-01-01-002-2,temporary_crops,cereals,wheat,durum_hard_wheat,wheat,11,110100000,110101000,110101002,110101000
11-01-01-003-0,temporary_crops,cereals,wheat,khorasan_wheat,wheat,11,110100000,110101000,110101003,110101000
11-01-01-003-1,temporary_crops,cereals,wheat,khorasan_wheat,wheat,11,110100000,110101000,110101003,110101000
11-01-01-003-2,temporary_crops,cereals,wheat,khorasan_wheat,wheat,11,110100000,110101000,110101003,110101000
11-01-01-004-0,temporary_crops,cereals,wheat,spelt,wheat,11,110100000,110101000,110101004,110101000
11-01-01-004-1,temporary_crops,cereals,wheat,spelt,wheat,11,110100000,110101000,110101004,110101000
11-01-01-004-2,temporary_crops,cereals,wheat,spelt,wheat,11,110100000,110101000,110101004,110101000
11-01-01-005-0,temporary_crops,cereals,wheat,emmer,wheat,11,110100000,110101000,110101005,110101000
11-01-01-005-1,temporary_crops,cereals,wheat,emmer,wheat,11,110100000,110101000,110101005,110101000
11-01-01-005-2,temporary_crops,cereals,wheat,emmer,wheat,11,110100000,110101000,110101005,110101000
11-01-01-006-0,temporary_crops,cereals,wheat,einkorn,wheat,11,110100000,110101000,110101006,110101000
11-01-01-006-1,temporary_crops,cereals,wheat,einkorn,wheat,11,110100000,110101000,110101006,110101000
11-01-01-006-2,temporary_crops,cereals,wheat,einkorn,wheat,11,110100000,110101000,110101006,110101000
11-01-01-007-0,temporary_crops,cereals,wheat,einkorn_emmer,wheat,11,110100000,110101000,110101007,110101000
11-01-01-007-1,temporary_crops,cereals,wheat,einkorn_emmer,wheat,11,110100000,110101000,110101007,110101000
11-01-01-007-2,temporary_crops,cereals,wheat,einkorn_emmer,wheat,11,110100000,110101000,110101007,110101000
11-01-02-000-0,temporary_crops,cereals,barley,unspecified_barley,barley,11,110100000,110102000,110102000,110102000
11-01-02-000-1,temporary_crops,cereals,barley,unspecified_barley,barley,11,110100000,110102000,110102000,110102000
11-01-02-000-2,temporary_crops,cereals,barley,unspecified_barley,barley,11,110100000,110102000,110102000,110102000
11-01-02-000-3,temporary_crops,cereals,barley,unspecified_barley,barley,11,110100000,110102000,110102000,110102000
11-01-02-000-4,temporary_crops,cereals,barley,unspecified_barley,barley,11,110100000,110102000,110102000,110102000
11-01-02-000-5,temporary_crops,cereals,barley,unspecified_barley,barley,11,110100000,110102000,110102000,110102000
11-01-02-001-0,temporary_crops,cereals,barley,common_barley,barley,11,110100000,110102000,110102001,110102000
11-01-02-001-1,temporary_crops,cereals,barley,common_barley,barley,11,110100000,110102000,110102001,110102000
11-01-02-001-2,temporary_crops,cereals,barley,common_barley,barley,11,110100000,110102000,110102001,110102000
11-01-02-002-0,temporary_crops,cereals,barley,other_barley,barley,11,110100000,110102000,110102002,110102000
11-01-02-002-1,temporary_crops,cereals,barley,other_barley,barley,11,110100000,110102000,110102002,110102000
11-01-02-002-2,temporary_crops,cereals,barley,other_barley,barley,11,110100000,110102000,110102002,110102000
11-01-03-000-0,temporary_crops,cereals,rye,unspecified_rye,rye,11,110100000,110103000,110103000,110103000
11-01-03-000-1,temporary_crops,cereals,rye,unspecified_rye,rye,11,110100000,110103000,110103000,110103000
11-01-03-000-2,temporary_crops,cereals,rye,unspecified_rye,rye,11,110100000,110103000,110103000,110103000
11-01-03-000-3,temporary_crops,cereals,rye,unspecified_rye,rye,11,110100000,110103000,110103000,110103000
11-01-03-000-4,temporary_crops,cereals,rye,unspecified_rye,rye,11,110100000,110103000,110103000,110103000
11-01-03-001-0,temporary_crops,cereals,rye,common_rye,rye,11,110100000,110103000,110103001,110103000
11-01-03-001-1,temporary_crops,cereals,rye,common_rye,rye,11,110100000,110103000,110103001,110103000
11-01-03-001-2,temporary_crops,cereals,rye,common_rye,rye,11,110100000,110103000,110103001,110103000
11-01-03-002-0,temporary_crops,cereals,rye,other_rye,rye,11,110100000,110103000,110103002,110103000
11-01-03-002-1,temporary_crops,cereals,rye,other_rye,rye,11,110100000,110103000,110103002,110103000
11-01-03-002-2,temporary_crops,cereals,rye,other_rye,rye,11,110100000,110103000,110103002,110103000
11-01-04-000-0,temporary_crops,cereals,oats,unspecified_oats,oats,11,110100000,110104000,110104000,110104000
11-01-04-000-1,temporary_crops,cereals,oats,unspecified_oats,oats,11,110100000,110104000,110104000,110104000
11-01-04-000-2,temporary_crops,cereals,oats,unspecified_oats,oats,11,110100000,110104000,110104000,110104000
11-01-04-000-3,temporary_crops,cereals,oats,unspecified_oats,oats,11,110100000,110104000,110104000,110104000
11-01-04-001-0,temporary_crops,cereals,oats,common_oats,oats,11,110100000,110104000,110104001,110104000
11-01-04-001-1,temporary_crops,cereals,oats,common_oats,oats,11,110100000,110104000,110104001,110104000
11-01-04-001-2,temporary_crops,cereals,oats,common_oats,oats,11,110100000,110104000,110104001,110104000
11-01-04-002-0,temporary_crops,cereals,oats,other_oats,oats,11,110100000,110104000,110104002,110104000
11-01-04-002-1,temporary_crops,cereals,oats,other_oats,oats,11,110100000,110104000,110104002,110104000
11-01-04-002-2,temporary_crops,cereals,oats,other_oats,oats,11,110100000,110104000,110104002,110104000
11-01-04-003-0,temporary_crops,cereals,oats,bristle_oats,oats,11,110100000,110104000,110104002,110104000
11-01-05-000-0,temporary_crops,cereals,triticale,triticale,other_cereals,11,110100000,110199999,110105000,110199999
11-01-05-000-1,temporary_crops,cereals,triticale,triticale,other_cereals,11,110100000,110199999,110105000,110199999
11-01-05-000-2,temporary_crops,cereals,triticale,triticale,other_cereals,11,110100000,110199999,110105000,110199999
11-01-06-000-0,temporary_crops,cereals,maize,maize,maize,11,110100000,110106000,110106000,110106000
11-01-06-000-1,temporary_crops,cereals,maize,maize,maize,11,110100000,110106000,110106000,110106000
11-01-06-000-2,temporary_crops,cereals,maize,maize,maize,11,110100000,110106000,110106000,110106000
11-01-06-000-3,temporary_crops,cereals,maize,maize,maize,11,110100000,110106000,110106000,110106000
11-01-06-000-4,temporary_crops,cereals,maize,maize,maize,11,110100000,110106000,110106000,110106000
11-01-07-000-0,temporary_crops,cereals,millet_sorghum,,millet_sorghum,11,110100000,110107000,110107000,110107000
11-01-07-000-1,temporary_crops,cereals,millet_sorghum,,millet_sorghum,11,110100000,110107000,110107000,110107000
11-01-07-000-2,temporary_crops,cereals,millet_sorghum,,millet_sorghum,11,110100000,110107000,110107000,110107000
11-01-07-001-0,temporary_crops,cereals,millet_sorghum,unspecified_millet,millet_sorghum,11,110100000,110107000,110107001,110107000
11-01-07-002-0,temporary_crops,cereals,millet_sorghum,foxtail_millet_moha,millet_sorghum,11,110100000,110107000,110107002,110107000
11-01-07-003-0,temporary_crops,cereals,millet_sorghum,unspecified_sorghum,millet_sorghum,11,110100000,110107000,110107003,110107000
11-01-07-004-0,temporary_crops,cereals,millet_sorghum,sweet_sorghum,millet_sorghum,11,110100000,110107000,110107004,110107000
11-01-08-000-0,temporary_crops,cereals,rice,rice,rice,11,110100000,110108000,110108000,110108000
11-01-09-000-0,temporary_crops,cereals,teff,teff,other_cereals,11,110100000,110199999,110109000,110199999
11-01-10-000-0,temporary_crops,cereals,canary_seed_canaryseed,canary_seed_canaryseed,other_cereals,11,110100000,110199999,110110000,110199999
11-01-11-000-0,temporary_crops,cereals,cereal_mixtures,unspecified_cereal_mixture,other_cereals,11,110100000,110199999,110111000,110199999
11-01-11-000-1,temporary_crops,cereals,cereal_mixtures,unspecified_cereal_mixture,other_cereals,11,110100000,110199999,110111000,110199999
11-01-11-000-2,temporary_crops,cereals,cereal_mixtures,unspecified_cereal_mixture,other_cereals,11,110100000,110199999,110111000,110199999
11-01-11-000-3,temporary_crops,cereals,cereal_mixtures,unspecified_cereal_mixture,other_cereals,11,110100000,110199999,110111000,110199999
11-01-11-001-0,temporary_crops,cereals,cereal_mixtures,meslin,other_cereals,11,110100000,110199999,110111001,110199999
11-01-11-001-1,temporary_crops,cereals,cereal_mixtures,meslin,other_cereals,11,110100000,110199999,110111001,110199999
11-01-11-001-2,temporary_crops,cereals,cereal_mixtures,meslin,other_cereals,11,110100000,110199999,110111001,110199999
11-02-00-000-0,temporary_crops,pseudocereal,,,pseudocereal,11,110200000,110200000,110200000,110200000
11-02-00-001-0,temporary_crops,pseudocereal,,amaranth,pseudocereal,11,110200000,110200000,110200001,110200000
11-02-00-002-0,temporary_crops,pseudocereal,,buckwheat,pseudocereal,11,110200000,110200000,110200002,110200000
11-02-00-002-1,temporary_crops,pseudocereal,,buckwheat,pseudocereal,11,110200000,110200000,110200002,110200000
11-02-00-003-0,temporary_crops,pseudocereal,,quinoa,pseudocereal,11,110200000,110200000,110200003,110200000
11-03-00-000-0,temporary_crops,vegetables_fruits,,,vegetables_fruits,11,110300000,110300000,110300000,110300000
11-03-01-000-0,temporary_crops,vegetables_fruits,fruit_bearing_vegetables,,vegetables_fruits,11,110300000,110300000,110301000,110300000
11-03-01-001-0,temporary_crops,vegetables_fruits,fruit_bearing_vegetables,tomato,vegetables_fruits,11,110300000,110300000,110301001,110300000
11-03-01-002-0,temporary_crops,vegetables_fruits,fruit_bearing_vegetables,aubergine_eggplant,vegetables_fruits,11,110300000,110300000,110301002,110300000
11-03-02-000-0,temporary_crops,vegetables_fruits,cucurbits,,vegetables_fruits,11,110300000,110300000,110302000,110300000
11-03-02-001-0,temporary_crops,vegetables_fruits,cucurbits,cucumber_pickle,vegetables_fruits,11,110300000,110300000,110302001,110300000
11-03-02-002-0,temporary_crops,vegetables_fruits,cucurbits,honeydew,vegetables_fruits,11,110300000,110300000,110302002,110300000
11-03-02-003-0,temporary_crops,vegetables_fruits,cucurbits,melon,vegetables_fruits,11,110300000,110300000,110302003,110300000
11-03-02-004-0,temporary_crops,vegetables_fruits,cucurbits,pumpkin_squash_gourd,vegetables_fruits,11,110300000,110300000,110302004,110300000
11-03-02-005-0,temporary_crops,vegetables_fruits,cucurbits,watermelon,vegetables_fruits,11,110300000,110300000,110302005,110300000
11-03-02-006-0,temporary_crops,vegetables_fruits,cucurbits,zucchini_courgette,vegetables_fruits,11,110300000,110300000,110302006,110300000
11-03-03-000-0,temporary_crops,vegetables_fruits,capsicum,,vegetables_fruits,11,110300000,110300000,110303000,110300000
11-03-03-007-0,temporary_crops,vegetables_fruits,capsicum,bell_pepper_paprika,vegetables_fruits,11,110300000,110300000,110303007,110300000
11-03-03-008-0,temporary_crops,vegetables_fruits,capsicum,chili_pepper,vegetables_fruits,11,110300000,110300000,110303008,110300000
11-03-04-000-0,temporary_crops,vegetables_fruits,leafy_stem_vegetables,,vegetables_fruits,11,110300000,110300000,110304000,110300000
11-03-04-001-0,temporary_crops,vegetables_fruits,leafy_stem_vegetables,rhubarb,vegetables_fruits,11,110300000,110300000,110304001,110300000
11-03-04-002-0,temporary_crops,vegetables_fruits,leafy_stem_vegetables,artichoke,vegetables_fruits,11,110300000,110300000,110304002,110300000
11-03-04-003-0,temporary_crops,vegetables_fruits,leafy_stem_vegetables,asparagus,vegetables_fruits,11,110300000,110300000,110304003,110300000
11-03-05-000-0,temporary_crops,vegetables_fruits,brassicaceae_cruciferae,,vegetables_fruits,11,110300000,110300000,110305000,110300000
11-03-06-000-0,temporary_crops,vegetables_fruits,brassica_oleracea_cabbage,,vegetables_fruits,11,110300000,110300000,110306000,110300000
11-03-06-001-0,temporary_crops,vegetables_fruits,brassica_oleracea_cabbage,bok_choy_pak_choi,vegetables_fruits,11,110300000,110300000,110306001,110300000
11-03-06-002-0,temporary_crops,vegetables_fruits,brassica_oleracea_cabbage,broccoli,vegetables_fruits,11,110300000,110300000,110306002,110300000
11-03-06-003-0,temporary_crops,vegetables_fruits,brassica_oleracea_cabbage,brussels_sprouts,vegetables_fruits,11,110300000,110300000,110306003,110300000
11-03-06-004-0,temporary_crops,vegetables_fruits,brassica_oleracea_cabbage,cauliflower,vegetables_fruits,11,110300000,110300000,110306004,110300000
11-03-06-004-1,temporary_crops,vegetables_fruits,brassica_oleracea_cabbage,cauliflower,vegetables_fruits,11,110300000,110300000,110306004,110300000
11-03-06-004-2,temporary_crops,vegetables_fruits,brassica_oleracea_cabbage,cauliflower,vegetables_fruits,11,110300000,110300000,110306004,110300000
11-03-06-005-0,temporary_crops,vegetables_fruits,brassica_oleracea_cabbage,chinese_cabbage,vegetables_fruits,11,110300000,110300000,110306005,110300000
11-03-06-006-0,temporary_crops,vegetables_fruits,brassica_oleracea_cabbage,collard_greens,vegetables_fruits,11,110300000,110300000,110306006,110300000
11-03-06-007-0,temporary_crops,vegetables_fruits,brassica_oleracea_cabbage,gai_lan,vegetables_fruits,11,110300000,110300000,110306007,110300000
11-03-06-008-0,temporary_crops,vegetables_fruits,brassica_oleracea_cabbage,kale,vegetables_fruits,11,110300000,110300000,110306008,110300000
11-03-06-009-0,temporary_crops,vegetables_fruits,brassica_oleracea_cabbage,kohlrabi,vegetables_fruits,11,110300000,110300000,110306009,110300000
11-03-06-010-0,temporary_crops,vegetables_fruits,brassica_oleracea_cabbage,red_cabbage,vegetables_fruits,11,110300000,110300000,110306010,110300000
11-03-06-011-0,temporary_crops,vegetables_fruits,brassica_oleracea_cabbage,savoy_cabbage,vegetables_fruits,11,110300000,110300000,110306011,110300000
11-03-06-012-0,temporary_crops,vegetables_fruits,brassica_oleracea_cabbage,white_cabbage,vegetables_fruits,11,110300000,110300000,110306012,110300000
11-03-06-013-0,temporary_crops,vegetables_fruits,brassica_oleracea_cabbage,cauliflower_broccoli,vegetables_fruits,11,110300000,110300000,110306013,110300000
11-03-06-014-0,temporary_crops,vegetables_fruits,brassica_oleracea_cabbage,fodder_cabbage,vegetables_fruits,11,110300000,110300000,110306014,110300000
11-03-06-015-0,temporary_crops,vegetables_fruits,brassica_oleracea_cabbage,pointed_white_cabbage,vegetables_fruits,11,110300000,110300000,110306015,110300000
11-03-07-000-0,temporary_crops,vegetables_fruits,celery,,vegetables_fruits,11,110300000,110300000,110307000,110300000
11-03-07-001-0,temporary_crops,vegetables_fruits,celery,celeriac,vegetables_fruits,11,110300000,110300000,110307001,110300000
11-03-07-002-0,temporary_crops,vegetables_fruits,celery,leaf_celery,vegetables_fruits,11,110300000,110300000,110307002,110300000
11-03-08-000-0,temporary_crops,vegetables_fruits,salads_lettuce_leaf_vegetables,,vegetables_fruits,11,110300000,110300000,110308000,110300000
11-03-08-001-0,temporary_crops,vegetables_fruits,salads_lettuce_leaf_vegetables,chard,vegetables_fruits,11,110300000,110300000,110308001,110300000
11-03-08-002-0,temporary_crops,vegetables_fruits,salads_lettuce_leaf_vegetables,chicory_chicories,vegetables_fruits,11,110300000,110300000,110308002,110300000
11-03-08-002-1,temporary_crops,vegetables_fruits,salads_lettuce_leaf_vegetables,chicory_chicories,vegetables_fruits,11,110300000,110300000,110308002,110300000
11-03-08-003-0,temporary_crops,vegetables_fruits,salads_lettuce_leaf_vegetables,endive,vegetables_fruits,11,110300000,110300000,110308003,110300000
11-03-08-004-0,temporary_crops,vegetables_fruits,salads_lettuce_leaf_vegetables,iceberg,vegetables_fruits,11,110300000,110300000,110308004,110300000
11-03-08-005-0,temporary_crops,vegetables_fruits,salads_lettuce_leaf_vegetables,lambs_lettuce_rapunzel_mache,vegetables_fruits,11,110300000,110300000,110308005,110300000
11-03-08-006-0,temporary_crops,vegetables_fruits,salads_lettuce_leaf_vegetables,rocket_arugula,vegetables_fruits,11,110300000,110300000,110308006,110300000
11-03-08-007-0,temporary_crops,vegetables_fruits,salads_lettuce_leaf_vegetables,sorrel,vegetables_fruits,11,110300000,110300000,110308007,110300000
11-03-08-008-0,temporary_crops,vegetables_fruits,salads_lettuce_leaf_vegetables,spinach,vegetables_fruits,11,110300000,110300000,110308008,110300000
11-03-08-009-0,temporary_crops,vegetables_fruits,salads_lettuce_leaf_vegetables,purslane,vegetables_fruits,11,110300000,110300000,110308009,110300000
11-03-08-010-0,temporary_crops,vegetables_fruits,salads_lettuce_leaf_vegetables,cress,vegetables_fruits,11,110300000,110300000,110308010,110300000
11-03-08-011-0,temporary_crops,vegetables_fruits,salads_lettuce_leaf_vegetables,lettuce,vegetables_fruits,11,110300000,110300000,110308011,110300000
11-03-08-012-0,temporary_crops,vegetables_fruits,salads_lettuce_leaf_vegetables,radicchio,vegetables_fruits,11,110300000,110300000,110308012,110300000
11-03-08-013-0,temporary_crops,vegetables_fruits,salads_lettuce_leaf_vegetables,mustard_greens,vegetables_fruits,11,110300000,110300000,110308013,110300000
11-03-08-014-0,temporary_crops,vegetables_fruits,salads_lettuce_leaf_vegetables,rapini,vegetables_fruits,11,110300000,110300000,110308014,110300000
11-03-09-000-0,temporary_crops,vegetables_fruits,root_vegetables,,vegetables_fruits,11,110300000,110300000,110309000,110300000
11-03-09-001-0,temporary_crops,vegetables_fruits,root_vegetables,arctium_burdock,vegetables_fruits,11,110300000,110300000,110309001,110300000
11-03-09-003-0,temporary_crops,vegetables_fruits,root_vegetables,horseradish,vegetables_fruits,11,110300000,110300000,110309003,110300000
11-03-09-004-0,temporary_crops,vegetables_fruits,root_vegetables,carrots_daucus,vegetables_fruits,11,110300000,110300000,110309004,110300000
11-03-09-004-1,temporary_crops,vegetables_fruits,root_vegetables,carrots_daucus,vegetables_fruits,11,110300000,110300000,110309004,110300000
11-03-09-005-0,temporary_crops,vegetables_fruits,root_vegetables,parsnips,vegetables_fruits,11,110300000,110300000,110309005,110300000
11-03-09-006-0,temporary_crops,vegetables_fruits,root_vegetables,radish,vegetables_fruits,11,110300000,110300000,110309006,110300000
11-03-09-006-1,temporary_crops,vegetables_fruits,root_vegetables,radish,vegetables_fruits,11,110300000,110300000,110309006,110300000
11-03-09-007-0,temporary_crops,vegetables_fruits,root_vegetables,turnips,vegetables_fruits,11,110300000,110300000,110309007,110300000
11-03-09-007-1,temporary_crops,vegetables_fruits,root_vegetables,turnips,vegetables_fruits,11,110300000,110300000,110309007,110300000
11-03-09-007-2,temporary_crops,vegetables_fruits,root_vegetables,turnips,vegetables_fruits,11,110300000,110300000,110309007,110300000
11-03-09-007-3,temporary_crops,vegetables_fruits,root_vegetables,turnips,vegetables_fruits,11,110300000,110300000,110309007,110300000
11-03-09-008-0,temporary_crops,vegetables_fruits,root_vegetables,swede_rutabaga,vegetables_fruits,11,110300000,110300000,110309008,110300000
11-03-09-009-0,temporary_crops,vegetables_fruits,root_vegetables,fennel,vegetables_fruits,11,110300000,110300000,110309009,110300000
11-03-09-010-0,temporary_crops,vegetables_fruits,root_vegetables,topinambur_jerusalem_artichoke,vegetables_fruits,11,110300000,110300000,110309010,110300000
11-03-09-011-0,temporary_crops,vegetables_fruits,root_vegetables,black_radish,vegetables_fruits,11,110300000,110300000,110309011,110300000
11-03-09-012-0,temporary_crops,vegetables_fruits,root_vegetables,fodder_roots,vegetables_fruits,11,110300000,110300000,110309012,110300000
11-03-09-013-0,temporary_crops,vegetables_fruits,root_vegetables,black_salsify,vegetables_fruits,11,110300000,110300000,110309013,110300000
11-03-11-000-0,temporary_crops,vegetables_fruits,alliums,,vegetables_fruits,11,110300000,110300000,110311000,110300000
11-03-11-001-0,temporary_crops,vegetables_fruits,alliums,chives,vegetables_fruits,11,110300000,110300000,110311001,110300000
11-03-11-002-0,temporary_crops,vegetables_fruits,alliums,garlic,vegetables_fruits,11,110300000,110300000,110311002,110300000
11-03-11-003-0,temporary_crops,vegetables_fruits,alliums,leek,vegetables_fruits,11,110300000,110300000,110311003,110300000
11-03-11-003-1,temporary_crops,vegetables_fruits,alliums,leek,vegetables_fruits,11,110300000,110300000,110311003,110300000
11-03-11-003-2,temporary_crops,vegetables_fruits,alliums,leek,vegetables_fruits,11,110300000,110300000,110311003,110300000
11-03-11-004-0,temporary_crops,vegetables_fruits,alliums,onions,vegetables_fruits,11,110300000,110300000,110311004,110300000
11-03-11-004-1,temporary_crops,vegetables_fruits,alliums,onions,vegetables_fruits,11,110300000,110300000,110311004,110300000
11-03-11-004-2,temporary_crops,vegetables_fruits,alliums,onions,vegetables_fruits,11,110300000,110300000,110311004,110300000
11-03-11-004-3,temporary_crops,vegetables_fruits,alliums,onions,vegetables_fruits,11,110300000,110300000,110311004,110300000
11-03-11-005-0,temporary_crops,vegetables_fruits,alliums,scallion,vegetables_fruits,11,110300000,110300000,110311005,110300000
11-03-11-006-0,temporary_crops,vegetables_fruits,alliums,shallot,vegetables_fruits,11,110300000,110300000,110311006,110300000
11-03-11-007-0,temporary_crops,vegetables_fruits,alliums,onion_shallot,vegetables_fruits,11,110300000,110300000,110311007,110300000
11-03-12-000-0,temporary_crops,vegetables_fruits,annual_fruits,,vegetables_fruits,11,110300000,110300000,110312000,110300000
11-03-12-001-0,temporary_crops,vegetables_fruits,annual_fruits,strawberries,vegetables_fruits,11,110300000,110300000,110312001,110300000
11-03-13-000-0,temporary_crops,vegetables_fruits,vegetable_fruit_mixtures,,vegetables_fruits,11,110300000,110300000,110313000,110300000
11-04-00-000-0,temporary_crops,mushrooms_truffles,,,mushrooms_truffles,11,110400000,110400000,110400000,110400000
11-04-00-001-0,temporary_crops,mushrooms_truffles,,truffle,mushrooms_truffles,11,110400000,110400000,110400001,110400000
11-04-00-002-0,temporary_crops,mushrooms_truffles,,champignons,mushrooms_truffles,11,110400000,110400000,110400002,110400000
11-05-00-000-0,temporary_crops,dry_pulses_legumes,,,dry_pulses_legumes,11,110500000,110500000,110500000,110500000
11-05-00-001-0,temporary_crops,dry_pulses_legumes,,esparsette_onobrychis,dry_pulses_legumes,11,110500000,110500000,110500001,110500000
11-05-00-002-0,temporary_crops,dry_pulses_legumes,,fenugreek,dry_pulses_legumes,11,110500000,110500000,110500002,110500000
11-05-00-003-0,temporary_crops,dry_pulses_legumes,,lentils,dry_pulses_legumes,11,110500000,110500000,110500003,110500000
11-05-00-003-1,temporary_crops,dry_pulses_legumes,,lentils,dry_pulses_legumes,11,110500000,110500000,110500003,110500000
11-05-00-004-0,temporary_crops,dry_pulses_legumes,,sweet_lupins,dry_pulses_legumes,11,110500000,110500000,110500004,110500000
11-05-00-004-1,temporary_crops,dry_pulses_legumes,,sweet_lupins,dry_pulses_legumes,11,110500000,110500000,110500004,110500000
11-05-00-004-2,temporary_crops,dry_pulses_legumes,,sweet_lupins,dry_pulses_legumes,11,110500000,110500000,110500004,110500000
11-05-00-004-3,temporary_crops,dry_pulses_legumes,,sweet_lupins,dry_pulses_legumes,11,110500000,110500000,110500004,110500000
11-05-00-004-4,temporary_crops,dry_pulses_legumes,,sweet_lupins,dry_pulses_legumes,11,110500000,110500000,110500004,110500000
11-05-01-000-0,temporary_crops,dry_pulses_legumes,beans_peas,,dry_pulses_legumes,11,110500000,110500000,110501000,110500000
11-05-01-001-0,temporary_crops,dry_pulses_legumes,beans_peas,beans,dry_pulses_legumes,11,110500000,110500000,110501001,110500000
11-05-01-001-1,temporary_crops,dry_pulses_legumes,beans_peas,beans,dry_pulses_legumes,11,110500000,110500000,110501001,110500000
11-05-01-001-2,temporary_crops,dry_pulses_legumes,beans_peas,beans,dry_pulses_legumes,11,110500000,110500000,110501001,110500000
11-05-01-001-3,temporary_crops,dry_pulses_legumes,beans_peas,beans,dry_pulses_legumes,11,110500000,110500000,110501001,110500000
11-05-01-001-4,temporary_crops,dry_pulses_legumes,beans_peas,beans,dry_pulses_legumes,11,110500000,110500000,110501001,110500000
11-05-01-001-5,temporary_crops,dry_pulses_legumes,beans_peas,beans,dry_pulses_legumes,11,110500000,110500000,110501001,110500000
11-05-01-001-6,temporary_crops,dry_pulses_legumes,beans_peas,beans,dry_pulses_legumes,11,110500000,110500000,110501001,110500000
11-05-01-001-7,temporary_crops,dry_pulses_legumes,beans_peas,beans,dry_pulses_legumes,11,110500000,110500000,110501001,110500000
11-05-01-001-8,temporary_crops,dry_pulses_legumes,beans_peas,beans,dry_pulses_legumes,11,110500000,110500000,110501001,110500000
11-05-01-001-9,temporary_crops,dry_pulses_legumes,beans_peas,beans,dry_pulses_legumes,11,110500000,110500000,110501001,110500000
11-05-01-002-0,temporary_crops,dry_pulses_legumes,beans_peas,peas,dry_pulses_legumes,11,110500000,110500000,110501002,110500000
11-05-01-002-1,temporary_crops,dry_pulses_legumes,beans_peas,peas,dry_pulses_legumes,11,110500000,110500000,110501002,110500000
11-05-01-002-2,temporary_crops,dry_pulses_legumes,beans_peas,peas,dry_pulses_legumes,11,110500000,110500000,110501002,110500000
11-05-01-002-3,temporary_crops,dry_pulses_legumes,beans_peas,peas,dry_pulses_legumes,11,110500000,110500000,110501002,110500000
11-05-01-002-4,temporary_crops,dry_pulses_legumes,beans_peas,peas,dry_pulses_legumes,11,110500000,110500000,110501002,110500000
11-05-01-002-5,temporary_crops,dry_pulses_legumes,beans_peas,peas,dry_pulses_legumes,11,110500000,110500000,110501002,110500000
11-05-01-002-6,temporary_crops,dry_pulses_legumes,beans_peas,peas,dry_pulses_legumes,11,110500000,110500000,110501002,110500000
11-05-01-003-0,temporary_crops,dry_pulses_legumes,beans_peas,broad_fava_beans,dry_pulses_legumes,11,110500000,110500000,110501003,110500000
11-05-01-003-1,temporary_crops,dry_pulses_legumes,beans_peas,broad_fava_beans,dry_pulses_legumes,11,110500000,110500000,110501003,110500000
11-05-01-003-2,temporary_crops,dry_pulses_legumes,beans_peas,broad_fava_beans,dry_pulses_legumes,11,110500000,110500000,110501003,110500000
11-05-01-003-3,temporary_crops,dry_pulses_legumes,beans_peas,broad_fava_beans,dry_pulses_legumes,11,110500000,110500000,110501003,110500000
11-05-01-004-0,temporary_crops,dry_pulses_legumes,beans_peas,chick_peas,dry_pulses_legumes,11,110500000,110500000,110501004,110500000
11-05-01-005-0,temporary_crops,dry_pulses_legumes,beans_peas,cow_peas,dry_pulses_legumes,11,110500000,110500000,110501005,110500000
11-05-01-006-0,temporary_crops,dry_pulses_legumes,beans_peas,pigeon_peas,dry_pulses_legumes,11,110500000,110500000,110501006,110500000
11-05-01-007-0,temporary_crops,dry_pulses_legumes,beans_peas,indian_pea,dry_pulses_legumes,11,110500000,110500000,110501007,110500000
11-05-02-000-0,temporary_crops,dry_pulses_legumes,legume_mix,legume_mix,dry_pulses_legumes,11,110500000,110500000,110502000,110500000
11-06-00-000-0,temporary_crops,oilseed_crops,oilseed_crops,oilseed_crops,oilseed_crops,11,110600000,110600000,110600000,110600000
11-06-00-001-0,temporary_crops,oilseed_crops,oilseed_crops,sunflower,sunflower,11,110600000,110600000,110600001,110600001
11-06-00-002-0,temporary_crops,oilseed_crops,oilseed_crops,soy_soybeans,soy_soybeans,11,110600000,110600000,110600002,110600002
11-06-00-003-0,temporary_crops,oilseed_crops,oilseed_crops,rapeseed_rape,rapeseed_rape,11,110600000,110600000,110600003,110600003
11-06-00-003-1,temporary_crops,oilseed_crops,oilseed_crops,rapeseed_rape,rapeseed_rape,11,110600000,110600000,110600003,110600003
11-06-00-003-2,temporary_crops,oilseed_crops,oilseed_crops,rapeseed_rape,rapeseed_rape,11,110600000,110600000,110600003,110600003
11-06-00-003-3,temporary_crops,oilseed_crops,oilseed_crops,rapeseed_rape,rapeseed_rape,11,110600000,110600000,110600003,110600003
11-06-00-003-4,temporary_crops,oilseed_crops,oilseed_crops,rapeseed_rape,rapeseed_rape,11,110600000,110600000,110600003,110600003
11-06-00-003-5,temporary_crops,oilseed_crops,oilseed_crops,rapeseed_rape,rapeseed_rape,11,110600000,110600000,110600003,110600003
11-06-00-004-0,temporary_crops,oilseed_crops,oilseed_crops,guizotia_abyssinica_nyger,other_oilseeds,11,110600000,110600000,110600004,110600999
11-06-00-005-0,temporary_crops,oilseed_crops,oilseed_crops,groundnuts,other_oilseeds,11,110600000,110600000,110600005,110600999
11-06-00-006-0,temporary_crops,oilseed_crops,oilseed_crops,castor_bean,other_oilseeds,11,110600000,110600000,110600006,110600999
11-06-00-007-0,temporary_crops,oilseed_crops,oilseed_crops,linseed,other_oilseeds,11,110600000,110600000,110600007,110600999
11-06-00-007-1,temporary_crops,oilseed_crops,oilseed_crops,linseed,other_oilseeds,11,110600000,110600000,110600007,110600999
11-06-00-007-2,temporary_crops,oilseed_crops,oilseed_crops,linseed,other_oilseeds,11,110600000,110600000,110600007,110600999
11-06-00-007-3,temporary_crops,oilseed_crops,oilseed_crops,linseed,other_oilseeds,11,110600000,110600000,110600007,110600999
11-06-00-008-0,temporary_crops,oilseed_crops,oilseed_crops,mustard,other_oilseeds,11,110600000,110600000,110600008,110600999
11-06-00-008-1,temporary_crops,oilseed_crops,oilseed_crops,mustard,other_oilseeds,11,110600000,110600000,110600008,110600999
11-06-00-008-2,temporary_crops,oilseed_crops,oilseed_crops,mustard,other_oilseeds,11,110600000,110600000,110600008,110600999
11-06-00-008-3,temporary_crops,oilseed_crops,oilseed_crops,mustard,other_oilseeds,11,110600000,110600000,110600008,110600999
11-06-00-009-0,temporary_crops,oilseed_crops,oilseed_crops,safflower,other_oilseeds,11,110600000,110600000,110600009,110600999
11-06-00-010-0,temporary_crops,oilseed_crops,oilseed_crops,sesame,other_oilseeds,11,110600000,110600000,110600010,110600999
11-06-00-011-0,temporary_crops,oilseed_crops,oilseed_crops,camelina,other_oilseeds,11,110600000,110600000,110600011,110600999
11-06-00-012-0,temporary_crops,oilseed_crops,oilseed_crops,oil_radish,other_oilseeds,11,110600000,110600000,110600012,110600999
11-06-01-000-0,temporary_crops,oilseed_crops,oilseeds_mixture,oilseeds_mixture,oilseeds_mixture,11,110600000,110601000,110601000,110601000
11-07-00-000-0,temporary_crops,root_tuber_crops,root_tuber_crops,root_tuber_crops,root_tuber_crops,11,110700000,110700000,110700000,110700000
11-07-00-001-0,temporary_crops,root_tuber_crops,root_tuber_crops,potatoes,root_tuber_crops,11,110700000,110700000,110700001,110700000
11-07-00-001-1,temporary_crops,root_tuber_crops,root_tuber_crops,potatoes,root_tuber_crops,11,110700000,110700000,110700001,110700000
11-07-00-001-2,temporary_crops,root_tuber_crops,root_tuber_crops,potatoes,root_tuber_crops,11,110700000,110700000,110700001,110700000
11-07-00-001-3,temporary_crops,root_tuber_crops,root_tuber_crops,potatoes,root_tuber_crops,11,110700000,110700000,110700001,110700000
11-07-00-002-0,temporary_crops,root_tuber_crops,root_tuber_crops,sweet_potatoes,root_tuber_crops,11,110700000,110700000,110700002,110700000
11-07-00-003-0,temporary_crops,root_tuber_crops,root_tuber_crops,beet,root_tuber_crops,11,110700000,110700000,110700003,110700000
11-07-00-003-1,temporary_crops,root_tuber_crops,root_tuber_crops,beet,root_tuber_crops,11,110700000,110700000,110700003,110700000
11-07-00-003-2,temporary_crops,root_tuber_crops,root_tuber_crops,beet,root_tuber_crops,11,110700000,110700000,110700003,110700000
11-07-00-003-3,temporary_crops,root_tuber_crops,root_tuber_crops,beet,root_tuber_crops,11,110700000,110700000,110700003,110700000
11-07-00-004-0,temporary_crops,root_tuber_crops,root_tuber_crops,cassava,root_tuber_crops,11,110700000,110700000,110700004,110700000
11-07-00-005-0,temporary_crops,root_tuber_crops,root_tuber_crops,yams,root_tuber_crops,11,110700000,110700000,110700005,110700000
11-08-00-000-0,temporary_crops,fibre_crops,fibre_crops,fibre_crops,fibre_crops,11,110800000,110800000,110800000,110800000
11-08-00-001-0,temporary_crops,fibre_crops,fibre_crops,cotton,fibre_crops,11,110800000,110800000,110800001,110800000
11-08-00-002-0,temporary_crops,fibre_crops,fibre_crops,jute_kenaf,fibre_crops,11,110800000,110800000,110800002,110800000
11-08-01-000-0,temporary_crops,fibre_crops,fibre_oleaginous_crops,fibre_oleaginous_crops,fibre_crops,11,110800000,110800000,110801000,110800000
11-08-02-000-0,temporary_crops,fibre_crops,flax_hemp,flax_hemp,fibre_crops,11,110800000,110800000,110802000,110800000
11-08-02-001-0,temporary_crops,fibre_crops,flax_hemp,flax,fibre_crops,11,110800000,110800000,110802001,110800000
11-08-02-002-0,temporary_crops,fibre_crops,flax_hemp,hemp,fibre_crops,11,110800000,110800000,110802002,110800000
11-08-02-002-1,temporary_crops,fibre_crops,flax_hemp,hemp,fibre_crops,11,110800000,110800000,110802002,110800000
11-09-00-000-0,temporary_crops,herb_spice_medicinal_crops,herb_spice_medicinal_crops,herb_spice_medicinal_crops,herb_spice_medicinal_crops,11,110900000,110900000,110900000,110900000
11-09-00-001-0,temporary_crops,herb_spice_medicinal_crops,herb_spice_medicinal_crops,sage_chia,herb_spice_medicinal_crops,11,110900000,110900000,110900001,110900000
11-09-00-002-0,temporary_crops,herb_spice_medicinal_crops,herb_spice_medicinal_crops,actaea_baneberry_christopher_herbs,herb_spice_medicinal_crops,11,110900000,110900000,110900002,110900000
11-09-00-003-0,temporary_crops,herb_spice_medicinal_crops,herb_spice_medicinal_crops,alchemilla_ladys_mantle,herb_spice_medicinal_crops,11,110900000,110900000,110900003,110900000
11-09-00-004-0,temporary_crops,herb_spice_medicinal_crops,herb_spice_medicinal_crops,anethum_dill,herb_spice_medicinal_crops,11,110900000,110900000,110900004,110900000
11-09-00-005-0,temporary_crops,herb_spice_medicinal_crops,herb_spice_medicinal_crops,angelica,herb_spice_medicinal_crops,11,110900000,110900000,110900005,110900000
11-09-00-006-0,temporary_crops,herb_spice_medicinal_crops,herb_spice_medicinal_crops,anise_aniseed,herb_spice_medicinal_crops,11,110900000,110900000,110900006,110900000
11-09-00-007-0,temporary_crops,herb_spice_medicinal_crops,herb_spice_medicinal_crops,artemisia,herb_spice_medicinal_crops,11,110900000,110900000,110900007,110900000
11-09-00-008-0,temporary_crops,herb_spice_medicinal_crops,herb_spice_medicinal_crops,basil,herb_spice_medicinal_crops,11,110900000,110900000,110900008,110900000
11-09-00-009-0,temporary_crops,herb_spice_medicinal_crops,herb_spice_medicinal_crops,black_cumin,herb_spice_medicinal_crops,11,110900000,110900000,110900009,110900000
11-09-00-010-0,temporary_crops,herb_spice_medicinal_crops,herb_spice_medicinal_crops,borage,herb_spice_medicinal_crops,11,110900000,110900000,110900010,110900000
11-09-00-011-0,temporary_crops,herb_spice_medicinal_crops,herb_spice_medicinal_crops,calendula_marigold,herb_spice_medicinal_crops,11,110900000,110900000,110900011,110900000
11-09-00-012-0,temporary_crops,herb_spice_medicinal_crops,herb_spice_medicinal_crops,caraway,herb_spice_medicinal_crops,11,110900000,110900000,110900012,110900000
11-09-00-013-0,temporary_crops,herb_spice_medicinal_crops,herb_spice_medicinal_crops,catnip,herb_spice_medicinal_crops,11,110900000,110900000,110900013,110900000
11-09-00-014-0,temporary_crops,herb_spice_medicinal_crops,herb_spice_medicinal_crops,chamomile,herb_spice_medicinal_crops,11,110900000,110900000,110900014,110900000
11-09-00-015-0,temporary_crops,herb_spice_medicinal_crops,herb_spice_medicinal_crops,chervil,herb_spice_medicinal_crops,11,110900000,110900000,110900015,110900000
11-09-00-016-0,temporary_crops,herb_spice_medicinal_crops,herb_spice_medicinal_crops,coriander,herb_spice_medicinal_crops,11,110900000,110900000,110900016,110900000
11-09-00-017-0,temporary_crops,herb_spice_medicinal_crops,herb_spice_medicinal_crops,ericaceae_heather,herb_spice_medicinal_crops,11,110900000,110900000,110900017,110900000
11-09-00-018-0,temporary_crops,herb_spice_medicinal_crops,herb_spice_medicinal_crops,galium_bedstraw,herb_spice_medicinal_crops,11,110900000,110900000,110900018,110900000
11-09-00-019-0,temporary_crops,herb_spice_medicinal_crops,herb_spice_medicinal_crops,hibiscus,herb_spice_medicinal_crops,11,110900000,110900000,110900019,110900000
11-09-00-020-0,temporary_crops,herb_spice_medicinal_crops,herb_spice_medicinal_crops,lavender_lavandula,herb_spice_medicinal_crops,11,110900000,110900000,110900020,110900000
11-09-00-021-0,temporary_crops,herb_spice_medicinal_crops,herb_spice_medicinal_crops,lemon_balm_melissa,herb_spice_medicinal_crops,11,110900000,110900000,110900021,110900000
11-09-00-022-0,temporary_crops,herb_spice_medicinal_crops,herb_spice_medicinal_crops,lovage_maggiplant,herb_spice_medicinal_crops,11,110900000,110900000,110900022,110900000
11-09-00-023-0,temporary_crops,herb_spice_medicinal_crops,herb_spice_medicinal_crops,mints_peppermint,herb_spice_medicinal_crops,11,110900000,110900000,110900023,110900000
11-09-00-024-0,temporary_crops,herb_spice_medicinal_crops,herb_spice_medicinal_crops,moldavian_dragonhead,herb_spice_medicinal_crops,11,110900000,110900000,110900024,110900000
11-09-00-025-0,temporary_crops,herb_spice_medicinal_crops,herb_spice_medicinal_crops,nasturtiums,herb_spice_medicinal_crops,11,110900000,110900000,110900025,110900000
11-09-00-026-0,temporary_crops,herb_spice_medicinal_crops,herb_spice_medicinal_crops,nettles,herb_spice_medicinal_crops,11,110900000,110900000,110900026,110900000
11-09-00-027-0,temporary_crops,herb_spice_medicinal_crops,herb_spice_medicinal_crops,oregano,herb_spice_medicinal_crops,11,110900000,110900000,110900027,110900000
11-09-00-028-0,temporary_crops,herb_spice_medicinal_crops,herb_spice_medicinal_crops,parsley,herb_spice_medicinal_crops,11,110900000,110900000,110900028,110900000
11-09-00-028-1,temporary_crops,herb_spice_medicinal_crops,herb_spice_medicinal_crops,parsley,herb_spice_medicinal_crops,11,110900000,110900000,110900028,110900000
11-09-00-029-0,temporary_crops,herb_spice_medicinal_crops,herb_spice_medicinal_crops,piper_pepper,herb_spice_medicinal_crops,11,110900000,110900000,110900029,110900000
11-09-00-030-0,temporary_crops,herb_spice_medicinal_crops,herb_spice_medicinal_crops,polygonum,herb_spice_medicinal_crops,11,110900000,110900000,110900030,110900000
11-09-00-031-0,temporary_crops,herb_spice_medicinal_crops,herb_spice_medicinal_crops,rosemary,herb_spice_medicinal_crops,11,110900000,110900000,110900031,110900000
11-09-00-032-0,temporary_crops,herb_spice_medicinal_crops,herb_spice_medicinal_crops,rubia_tinctorum_common_madder,herb_spice_medicinal_crops,11,110900000,110900000,110900032,110900000
11-09-00-033-0,temporary_crops,herb_spice_medicinal_crops,herb_spice_medicinal_crops,saffron_crocus_sativus,herb_spice_medicinal_crops,11,110900000,110900000,110900033,110900000
11-09-00-034-0,temporary_crops,herb_spice_medicinal_crops,herb_spice_medicinal_crops,silver_comb,herb_spice_medicinal_crops,11,110900000,110900000,110900034,110900000
11-09-00-035-0,temporary_crops,herb_spice_medicinal_crops,herb_spice_medicinal_crops,st_johns_wort,herb_spice_medicinal_crops,11,110900000,110900000,110900035,110900000
11-09-00-036-0,temporary_crops,herb_spice_medicinal_crops,herb_spice_medicinal_crops,stachys_hedgenettle_chinese_artichoke,herb_spice_medicinal_crops,11,110900000,110900000,110900036,110900000
11-09-00-037-0,temporary_crops,herb_spice_medicinal_crops,herb_spice_medicinal_crops,tarragon,herb_spice_medicinal_crops,11,110900000,110900000,110900037,110900000
11-09-00-038-0,temporary_crops,herb_spice_medicinal_crops,herb_spice_medicinal_crops,thyme,herb_spice_medicinal_crops,11,110900000,110900000,110900038,110900000
11-09-00-039-0,temporary_crops,herb_spice_medicinal_crops,herb_spice_medicinal_crops,valerian,herb_spice_medicinal_crops,11,110900000,110900000,110900039,110900000
11-09-00-040-0,temporary_crops,herb_spice_medicinal_crops,herb_spice_medicinal_crops,yarrow,herb_spice_medicinal_crops,11,110900000,110900000,110900040,110900000
11-09-00-041-0,temporary_crops,herb_spice_medicinal_crops,herb_spice_medicinal_crops,marian_thistles,herb_spice_medicinal_crops,11,110900000,110900000,110900041,110900000
11-09-00-048-0,temporary_crops,herb_spice_medicinal_crops,herb_spice_medicinal_crops,ginger,herb_spice_medicinal_crops,11,110900000,110900000,110900048,110900000
11-09-00-049-0,temporary_crops,herb_spice_medicinal_crops,herb_spice_medicinal_crops,vanilla,herb_spice_medicinal_crops,10,0,0,110900049,0
11-09-00-049-1,temporary_crops,herb_spice_medicinal_crops,herb_spice_medicinal_crops,vanilla,herb_spice_medicinal_crops,10,0,0,110900049,0
11-09-00-049-2,temporary_crops,herb_spice_medicinal_crops,herb_spice_medicinal_crops,vanilla,herb_spice_medicinal_crops,10,0,0,110900049,0
11-09-00-050-0,temporary_crops,herb_spice_medicinal_crops,herb_spice_medicinal_crops,tobacco,herb_spice_medicinal_crops,11,110900000,110900000,110900050,110900000
11-09-00-051-0,temporary_crops,herb_spice_medicinal_crops,herb_spice_medicinal_crops,hops,herb_spice_medicinal_crops,11,110900000,110900000,110900051,110900000
11-09-00-052-0,temporary_crops,herb_spice_medicinal_crops,herb_spice_medicinal_crops,poppy,herb_spice_medicinal_crops,11,110900000,110900000,110900052,110900000
11-09-00-052-1,temporary_crops,herb_spice_medicinal_crops,herb_spice_medicinal_crops,poppy,herb_spice_medicinal_crops,11,110900000,110900000,110900052,110900000
11-09-00-052-2,temporary_crops,herb_spice_medicinal_crops,herb_spice_medicinal_crops,poppy,herb_spice_medicinal_crops,11,110900000,110900000,110900052,110900000
11-09-00-054-0,temporary_crops,herb_spice_medicinal_crops,herb_spice_medicinal_crops,savory,herb_spice_medicinal_crops,11,110900000,110900000,110900054,110900000
11-09-00-055-0,temporary_crops,herb_spice_medicinal_crops,herb_spice_medicinal_crops,psyllium,herb_spice_medicinal_crops,11,110900000,110900000,110900055,110900000
11-09-00-055-1,temporary_crops,herb_spice_medicinal_crops,herb_spice_medicinal_crops,psyllium_black,herb_spice_medicinal_crops,11,110900000,110900000,110900055,110900000
11-09-00-055-2,temporary_crops,herb_spice_medicinal_crops,herb_spice_medicinal_crops,psyllium_plantain,herb_spice_medicinal_crops,11,110900000,110900000,110900055,110900000
11-09-00-056-0,temporary_crops,herb_spice_medicinal_crops,herb_spice_medicinal_crops,bugleweed,herb_spice_medicinal_crops,11,110900000,110900000,110900056,110900000
11-09-00-057-0,temporary_crops,herb_spice_medicinal_crops,herb_spice_medicinal_crops,curcuma_turmeric,herb_spice_medicinal_crops,11,110900000,110900000,110900057,110900000
11-09-00-058-0,temporary_crops,herb_spice_medicinal_crops,herb_spice_medicinal_crops,speedwell_veronica,herb_spice_medicinal_crops,11,110900000,110900000,110900058,110900000
11-09-00-059-0,temporary_crops,herb_spice_medicinal_crops,herb_spice_medicinal_crops,hyssop,herb_spice_medicinal_crops,11,110900000,110900000,110900059,110900000
11-10-00-000-0,temporary_crops,flower_crops,flower_crops,flower_crops,flower_crops,11,111000000,111000000,111000000,111000000
11-10-00-001-0,temporary_crops,flower_crops,flower_crops,adonis,flower_crops,11,111000000,111000000,111000001,111000000
11-10-00-002-0,temporary_crops,flower_crops,flower_crops,anemones_windflowers,flower_crops,11,111000000,111000000,111000002,111000000
11-10-00-003-0,temporary_crops,flower_crops,flower_crops,asters,flower_crops,11,111000000,111000000,111000003,111000000
11-10-00-004-0,temporary_crops,flower_crops,flower_crops,begonias,flower_crops,11,111000000,111000000,111000004,111000000
11-10-00-005-0,temporary_crops,flower_crops,flower_crops,bluebells,flower_crops,11,111000000,111000000,111000005,111000000
11-10-00-006-0,temporary_crops,flower_crops,flower_crops,bulrush,flower_crops,11,111000000,111000000,111000006,111000000
11-10-00-007-0,temporary_crops,flower_crops,flower_crops,burnet,flower_crops,11,111000000,111000000,111000007,111000000
11-10-00-008-0,temporary_crops,flower_crops,flower_crops,carnation,flower_crops,11,111000000,111000000,111000008,111000000
11-10-00-009-0,temporary_crops,flower_crops,flower_crops,chrysanthemum,flower_crops,11,111000000,111000000,111000009,111000000
11-10-00-010-0,temporary_crops,flower_crops,flower_crops,cornflowers,flower_crops,11,111000000,111000000,111000010,111000000
11-10-00-011-0,temporary_crops,flower_crops,flower_crops,corsican_hellebore,flower_crops,11,111000000,111000000,111000011,111000000
11-10-00-012-0,temporary_crops,flower_crops,flower_crops,dahlia,flower_crops,11,111000000,111000000,111000012,111000000
11-10-00-013-0,temporary_crops,flower_crops,flower_crops,daisy_daisies,flower_crops,11,111000000,111000000,111000013,111000000
11-10-00-014-0,temporary_crops,flower_crops,flower_crops,dandelions,flower_crops,11,111000000,111000000,111000014,111000000
11-10-00-015-0,temporary_crops,flower_crops,flower_crops,echinacea_sun_hat,flower_crops,11,111000000,111000000,111000015,111000000
11-10-00-016-0,temporary_crops,flower_crops,flower_crops,edelweiss,flower_crops,11,111000000,111000000,111000016,111000000
11-10-00-017-0,temporary_crops,flower_crops,flower_crops,fiddleneck_amsinckia,flower_crops,11,111000000,111000000,111000017,111000000
11-10-00-018-0,temporary_crops,flower_crops,flower_crops,fuchsias,flower_crops,11,111000000,111000000,111000018,111000000
11-10-00-019-0,temporary_crops,flower_crops,flower_crops,galega,flower_crops,11,111000000,111000000,111000019,111000000
11-10-00-020-0,temporary_crops,flower_crops,flower_crops,gentians,flower_crops,11,111000000,111000000,111000020,111000000
11-10-00-021-0,temporary_crops,flower_crops,flower_crops,gladiolus_gladioli,flower_crops,11,111000000,111000000,111000021,111000000
11-10-00-022-0,temporary_crops,flower_crops,flower_crops,goldenrod,flower_crops,11,111000000,111000000,111000022,111000000
11-10-00-023-0,temporary_crops,flower_crops,flower_crops,iris,flower_crops,11,111000000,111000000,111000023,111000000
11-10-00-024-0,temporary_crops,flower_crops,flower_crops,isatis_tinctoria_woad,flower_crops,11,111000000,111000000,111000024,111000000
11-10-00-025-0,temporary_crops,flower_crops,flower_crops,lilies,flower_crops,11,111000000,111000000,111000025,111000000
11-10-00-026-0,temporary_crops,flower_crops,flower_crops,lotus,flower_crops,11,111000000,111000000,111000026,111000000
11-10-00-027-0,temporary_crops,flower_crops,flower_crops,lunaria_honesty_silver,flower_crops,11,111000000,111000000,111000027,111000000
11-10-00-028-0,temporary_crops,flower_crops,flower_crops,malva,flower_crops,11,111000000,111000000,111000028,111000000
11-10-00-029-0,temporary_crops,flower_crops,flower_crops,milk_star,flower_crops,11,111000000,111000000,111000029,111000000
11-10-00-030-0,temporary_crops,flower_crops,flower_crops,miscanthus_silvergrass,flower_crops,11,111000000,111000000,111000030,111000000
11-10-00-031-0,temporary_crops,flower_crops,flower_crops,monstera_adansonii_eyelet,flower_crops,11,111000000,111000000,111000031,111000000
11-10-00-032-0,temporary_crops,flower_crops,flower_crops,moonseed,flower_crops,11,111000000,111000000,111000032,111000000
11-10-00-033-0,temporary_crops,flower_crops,flower_crops,narcissus_daffodil,flower_crops,11,111000000,111000000,111000033,111000000
11-10-00-034-0,temporary_crops,flower_crops,flower_crops,peony_peonies,flower_crops,11,111000000,111000000,111000034,111000000
11-10-00-035-0,temporary_crops,flower_crops,flower_crops,primrose,flower_crops,11,111000000,111000000,111000035,111000000
11-10-00-037-0,temporary_crops,flower_crops,flower_crops,roses,flower_crops,11,111000000,111000000,111000037,111000000
11-10-00-038-0,temporary_crops,flower_crops,flower_crops,rudbeckia_coneflowers,flower_crops,11,111000000,111000000,111000038,111000000
11-10-00-040-0,temporary_crops,flower_crops,flower_crops,salsify,flower_crops,11,111000000,111000000,111000040,111000000
11-10-00-041-0,temporary_crops,flower_crops,flower_crops,sanvitalia_procumbens,flower_crops,11,111000000,111000000,111000041,111000000
11-10-00-042-0,temporary_crops,flower_crops,flower_crops,serradella,flower_crops,11,111000000,111000000,111000042,111000000
11-10-00-043-0,temporary_crops,flower_crops,flower_crops,silene_catchfly,flower_crops,11,111000000,111000000,111000043,111000000
11-10-00-044-0,temporary_crops,flower_crops,flower_crops,silphium_rosinweeds,flower_crops,11,111000000,111000000,111000044,111000000
11-10-00-045-0,temporary_crops,flower_crops,flower_crops,snapdragons,flower_crops,11,111000000,111000000,111000045,111000000
11-10-00-046-0,temporary_crops,flower_crops,flower_crops,stonecrop,flower_crops,11,111000000,111000000,111000046,111000000
11-10-00-047-0,temporary_crops,flower_crops,flower_crops,tagetes,flower_crops,11,111000000,111000000,111000047,111000000
11-10-00-048-0,temporary_crops,flower_crops,flower_crops,thimbles,flower_crops,11,111000000,111000000,111000048,111000000
11-10-00-049-0,temporary_crops,flower_crops,flower_crops,tulips,flower_crops,11,111000000,111000000,111000049,111000000
11-10-00-050-0,temporary_crops,flower_crops,flower_crops,viola,flower_crops,11,111000000,111000000,111000050,111000000
11-10-00-051-0,temporary_crops,flower_crops,flower_crops,violets_pansies,flower_crops,11,111000000,111000000,111000051,111000000
11-10-00-052-0,temporary_crops,flower_crops,flower_crops,zinnias,flower_crops,11,111000000,111000000,111000052,111000000
11-10-00-053-0,temporary_crops,flower_crops,flower_crops,geranium,flower_crops,11,111000000,111000000,111000053,111000000
11-10-00-054-0,temporary_crops,flower_crops,flower_crops,knapweed,flower_crops,11,111000000,111000000,111000054,111000000
11-10-00-055-0,temporary_crops,flower_crops,flower_crops,crocus,flower_crops,11,111000000,111000000,111000055,111000000
11-10-00-056-0,temporary_crops,flower_crops,flower_crops,calla,flower_crops,11,111000000,111000000,111000056,111000000
11-10-00-057-0,temporary_crops,flower_crops,flower_crops,belladona_lilly,flower_crops,11,111000000,111000000,111000057,111000000
11-10-00-058-0,temporary_crops,flower_crops,flower_crops,allium_flower,flower_crops,11,111000000,111000000,111000058,111000000
11-10-00-059-0,temporary_crops,flower_crops,flower_crops,common_grape_hyacinth,flower_crops,11,111000000,111000000,111000059,111000000
11-10-00-060-0,temporary_crops,flower_crops,flower_crops,myosotis,flower_crops,11,111000000,111000000,111000060,111000000
11-10-00-061-0,temporary_crops,flower_crops,flower_crops,hyacinth,flower_crops,11,111000000,111000000,111000061,111000000
11-11-00-000-0,temporary_crops,grass_fodder_crops,grass_fodder_crops,grass_fodder_crops,grass_fodder_crops,11,111100000,111100000,111100000,111100000
11-11-00-001-0,temporary_crops,grass_fodder_crops,grass_fodder_crops,temporary_grass,grass_fodder_crops,11,111100000,111100000,111100001,111100000
11-11-00-002-0,temporary_crops,grass_fodder_crops,grass_fodder_crops,sudan_grass,grass_fodder_crops,11,111100000,111100000,111100002,111100000
11-11-01-000-0,temporary_crops,grass_fodder_crops,poaceae_grasses,poaceae_grasses,grass_fodder_crops,11,111100000,111100000,111101000,111100000
11-11-01-001-0,temporary_crops,grass_fodder_crops,poaceae_grasses,elymus,grass_fodder_crops,11,111100000,111100000,111101001,111100000
11-11-01-002-0,temporary_crops,grass_fodder_crops,poaceae_grasses,festuca_fescue,grass_fodder_crops,11,111100000,111100000,111101002,111100000
11-11-01-002-1,temporary_crops,grass_fodder_crops,poaceae_grasses,festuca_fescue,grass_fodder_crops,11,111100000,111100000,111101002,111100000
11-11-01-002-2,temporary_crops,grass_fodder_crops,poaceae_grasses,festuca_fescue,grass_fodder_crops,11,111100000,111100000,111101002,111100000
11-11-01-003-0,temporary_crops,grass_fodder_crops,poaceae_grasses,cocksfoot_catgrass_dactyl,grass_fodder_crops,11,111100000,111100000,111101003,111100000
11-11-01-004-0,temporary_crops,grass_fodder_crops,poaceae_grasses,festulolium,grass_fodder_crops,11,111100000,111100000,111101004,111100000
11-11-01-005-0,temporary_crops,grass_fodder_crops,poaceae_grasses,lolium_ryegrass,grass_fodder_crops,11,111100000,111100000,111101005,111100000
11-11-01-005-1,temporary_crops,grass_fodder_crops,poaceae_grasses,lolium_ryegrass,grass_fodder_crops,11,111100000,111100000,111101005,111100000
11-11-01-005-2,temporary_crops,grass_fodder_crops,poaceae_grasses,lolium_ryegrass,grass_fodder_crops,11,111100000,111100000,111101005,111100000
11-11-01-006-0,temporary_crops,grass_fodder_crops,poaceae_grasses,setaria,grass_fodder_crops,11,111100000,111100000,111101006,111100000
11-11-01-007-0,temporary_crops,grass_fodder_crops,poaceae_grasses,sod_turf,grass_fodder_crops,11,111100000,111100000,111101007,111100000
11-11-01-008-0,temporary_crops,grass_fodder_crops,poaceae_grasses,switchgrass,grass_fodder_crops,11,111100000,111100000,111101008,111100000
11-11-01-009-0,temporary_crops,grass_fodder_crops,poaceae_grasses,timothy,grass_fodder_crops,11,111100000,111100000,111101009,111100000
11-11-01-010-0,temporary_crops,grass_fodder_crops,poaceae_grasses,sugar_cane,grass_fodder_crops,11,111100000,111100000,111101010,111100000
11-11-01-011-0,temporary_crops,grass_fodder_crops,poaceae_grasses,brome_grasses,grass_fodder_crops,11,111100000,111100000,111101011,111100000
11-11-01-012-0,temporary_crops,grass_fodder_crops,poaceae_grasses,vetiver_khus,grass_fodder_crops,11,111100000,111100000,111101012,111100000
11-11-01-013-0,temporary_crops,grass_fodder_crops,poaceae_grasses,agrostis,grass_fodder_crops,11,111100000,111100000,111101013,111100000
11-11-01-014-0,temporary_crops,grass_fodder_crops,poaceae_grasses,oatgrass,grass_fodder_crops,11,111100000,111100000,111101014,111100000
11-11-01-015-0,temporary_crops,grass_fodder_crops,poaceae_grasses,kentucky_bluegrass,grass_fodder_crops,11,111100000,111100000,111101015,111100000
11-11-02-000-0,temporary_crops,grass_fodder_crops,legumes_harvested_green,legumes_harvested_green,grass_fodder_crops,11,111100000,111100000,111102000,111100000
11-11-02-001-0,temporary_crops,grass_fodder_crops,legumes_harvested_green,alfalfa_lucerne,grass_fodder_crops,11,111100000,111100000,111102001,111100000
11-11-02-001-1,temporary_crops,grass_fodder_crops,legumes_harvested_green,alfalfa_lucerne,grass_fodder_crops,11,111100000,111100000,111102001,111100000
11-11-02-001-2,temporary_crops,grass_fodder_crops,legumes_harvested_green,alfalfa_lucerne,grass_fodder_crops,11,111100000,111100000,111102001,111100000
11-11-02-002-0,temporary_crops,grass_fodder_crops,legumes_harvested_green,arachis,grass_fodder_crops,11,111100000,111100000,111102002,111100000
11-11-02-003-0,temporary_crops,grass_fodder_crops,legumes_harvested_green,clover,grass_fodder_crops,11,111100000,111100000,111102003,111100000
11-11-02-003-1,temporary_crops,grass_fodder_crops,legumes_harvested_green,clover,grass_fodder_crops,11,111100000,111100000,111102003,111100000
11-11-02-003-2,temporary_crops,grass_fodder_crops,legumes_harvested_green,clover,grass_fodder_crops,11,111100000,111100000,111102003,111100000
11-11-02-003-3,temporary_crops,grass_fodder_crops,legumes_harvested_green,clover,grass_fodder_crops,11,111100000,111100000,111102003,111100000
11-11-02-003-4,temporary_crops,grass_fodder_crops,legumes_harvested_green,clover,grass_fodder_crops,11,111100000,111100000,111102003,111100000
11-11-02-003-5,temporary_crops,grass_fodder_crops,legumes_harvested_green,clover,grass_fodder_crops,11,111100000,111100000,111102003,111100000
11-11-02-003-6,temporary_crops,grass_fodder_crops,legumes_harvested_green,clover,grass_fodder_crops,11,111100000,111100000,111102003,111100000
11-11-02-003-7,temporary_crops,grass_fodder_crops,legumes_harvested_green,clover,grass_fodder_crops,11,111100000,111100000,111102003,111100000
11-11-02-004-0,temporary_crops,grass_fodder_crops,legumes_harvested_green,melilot_sweet_clover,grass_fodder_crops,11,111100000,111100000,111102004,111100000
11-11-02-005-0,temporary_crops,grass_fodder_crops,legumes_harvested_green,vetches,grass_fodder_crops,11,111100000,111100000,111102005,111100000
11-11-02-005-1,temporary_crops,grass_fodder_crops,legumes_harvested_green,vetches,grass_fodder_crops,11,111100000,111100000,111102005,111100000
11-11-02-005-2,temporary_crops,grass_fodder_crops,legumes_harvested_green,vetches,grass_fodder_crops,11,111100000,111100000,111102005,111100000
11-11-02-006-0,temporary_crops,grass_fodder_crops,legumes_harvested_green,phacelia,grass_fodder_crops,11,111100000,111100000,111102006,111100000
11-11-02-007-0,temporary_crops,grass_fodder_crops,legumes_harvested_green,onobrychis_sainfoins,grass_fodder_crops,11,111100000,111100000,111102007,111100000
11-11-02-008-0,temporary_crops,grass_fodder_crops,legumes_harvested_green,mix_forage_legumes,grass_fodder_crops,11,111100000,111100000,111102008,111100000
11-11-02-009-0,temporary_crops,grass_fodder_crops,legumes_harvested_green,birdsfoot_trefoil,grass_fodder_crops,11,111100000,111100000,111102009,111100000
11-11-04-000-0,temporary_crops,grass_fodder_crops,fodder_mixtures,fodder_mixtures,grass_fodder_crops,11,111100000,111100000,111104000,111100000
11-11-05-000-0,temporary_crops,grass_fodder_crops,sedges,sedges,grass_fodder_crops,11,111100000,111100000,111105000,111100000
11-11-05-001-0,temporary_crops,grass_fodder_crops,sedges,chufa,grass_fodder_crops,11,111100000,111100000,111105001,111100000
11-12-00-000-0,temporary_crops,industrial_crops,industrial_crops,industrial_crops,other_crop,11,119999999,119999999,111200000,119999999
11-13-00-000-0,temporary_crops,seed_seedlings,seed_seedlings,seed_seedlings,other_crop,11,119999999,119999999,111300000,119999999
11-14-00-000-0,temporary_crops,mixed_arable_crops,mixed_arable_crops,mixed_arable_crops,mixed_arable_crops,11,111400000,111400000,111400000,111400000
11-14-01-000-0,temporary_crops,mixed_arable_crops,cereal_mixed_with,cereal_mixed_with,mixed_arable_crops,11,111400000,111400000,111401000,111400000
11-14-01-001-0,temporary_crops,mixed_arable_crops,cereal_mixed_with,beans/peas,mixed_arable_crops,11,111400000,111400000,111401001,111400000
11-14-01-002-0,temporary_crops,mixed_arable_crops,cereal_mixed_with,vegetables,mixed_arable_crops,11,111400000,111400000,111401002,111400000
11-14-01-003-0,temporary_crops,mixed_arable_crops,cereal_mixed_with,root_crops,mixed_arable_crops,11,111400000,111400000,111401003,111400000
11-14-01-004-0,temporary_crops,mixed_arable_crops,cereal_mixed_with,oilseed_crops,mixed_arable_crops,11,111400000,111400000,111401004,111400000
11-14-01-005-0,temporary_crops,mixed_arable_crops,cereal_mixed_with,grass_clover_legumes,mixed_arable_crops,11,111400000,111400000,111401005,111400000
11-14-01-006-0,temporary_crops,mixed_arable_crops,cereal_mixed_with,protein_crops,mixed_arable_crops,11,111400000,111400000,111401006,111400000
11-14-02-000-0,temporary_crops,mixed_arable_crops,beans_peas_mixed_with,,mixed_arable_crops,11,111400000,111400000,111402000,111400000
11-14-02-001-0,temporary_crops,mixed_arable_crops,beans_peas_mixed_with,vegetables,mixed_arable_crops,11,111400000,111400000,111402001,111400000
11-14-02-002-0,temporary_crops,mixed_arable_crops,beans_peas_mixed_with,oilseed_crops,mixed_arable_crops,11,111400000,111400000,111402002,111400000
11-14-03-000-0,temporary_crops,mixed_arable_crops,vegetables_mixed_with,,mixed_arable_crops,11,111400000,111400000,111403000,111400000
11-14-03-001-0,temporary_crops,mixed_arable_crops,vegetables_mixed_with,oilseed_crops,mixed_arable_crops,11,111400000,111400000,111403001,111400000
11-14-03-002-0,temporary_crops,mixed_arable_crops,vegetables_mixed_with,potatoes,mixed_arable_crops,11,111400000,111400000,111403002,111400000
11-14-03-003-0,temporary_crops,mixed_arable_crops,vegetables_mixed_with,grass_clover,mixed_arable_crops,11,111400000,111400000,111403003,111400000
11-14-04-000-0,temporary_crops,mixed_arable_crops,oilseeds_mixed_with,,mixed_arable_crops,11,111400000,111400000,111404000,111400000
11-14-04-001-0,temporary_crops,mixed_arable_crops,oilseeds_mixed_with,grass_clover,mixed_arable_crops,11,111400000,111400000,111404001,111400000
11-14-04-002-0,temporary_crops,mixed_arable_crops,oilseeds_mixed_with,protein_crops,mixed_arable_crops,11,111400000,111400000,111404002,111400000
11-14-05-000-0,temporary_crops,mixed_arable_crops,Mixture three or more,Mixture three or more,mixed_arable_crops,11,111400000,111400000,111405000,111400000
11-14-06-000-0,temporary_crops,mixed_arable_crops,maize_mixed_with,,mixed_arable_crops,11,111400000,111400000,111406000,111400000
11-14-06-001-0,temporary_crops,mixed_arable_crops,maize_mixed_with,beans/peas,mixed_arable_crops,11,111400000,111400000,111406001,111400000
11-14-06-002-0,temporary_crops,mixed_arable_crops,maize_mixed_with,vegetables,mixed_arable_crops,11,111400000,111400000,111406002,111400000
11-14-06-003-0,temporary_crops,mixed_arable_crops,maize_mixed_with,root_crops,mixed_arable_crops,11,111400000,111400000,111406003,111400000
11-14-06-004-0,temporary_crops,mixed_arable_crops,maize_mixed_with,oilseed_crops,mixed_arable_crops,11,111400000,111400000,111406004,111400000
11-14-06-005-0,temporary_crops,mixed_arable_crops,maize_mixed_with,grass_clover_legumes,mixed_arable_crops,11,111400000,111400000,111406005,111400000
11-14-06-006-0,temporary_crops,mixed_arable_crops,maize_mixed_with,protein_crops,mixed_arable_crops,11,111400000,111400000,111406006,111400000
11-15-00-000-0,temporary_crops,not_cultivated_fallow,not_cultivated_fallow,not_cultivated_fallow,not_cultivated_fallow,-1,-1,-1,111500000,-1
11-15-00-000-1,temporary_crops,not_cultivated_fallow,not_cultivated_fallow,not_cultivated_fallow,not_cultivated_fallow,-1,-1,-1,111500000,-1
11-15-00-000-2,temporary_crops,not_cultivated_fallow,not_cultivated_fallow,not_cultivated_fallow,not_cultivated_fallow,-1,-1,-1,111500000,-1
12-00-00-000-0,permanent_crops,permanent_crops,permanent_crops,permanent_crops,permanent_crops,12,0,0,120000000,0
12-01-00-000-0,permanent_crops,fruit_nuts,fruit_nuts,fruit_nuts,fruit_nuts,12,0,0,120100000,0
12-01-00-001-0,permanent_crops,fruit_nuts,fruit_nuts,vineyards_wine_vine_rebland_grapes,vineyards_wine_vine_rebland_grapes,12,0,0,120100001,0
12-01-00-001-1,permanent_crops,fruit_nuts,fruit_nuts,vineyards_wine_vine_rebland_grapes,vineyards_wine_vine_rebland_grapes,12,0,0,120100001,0
12-01-00-001-2,permanent_crops,fruit_nuts,fruit_nuts,vineyards_wine_vine_rebland_grapes,vineyards_wine_vine_rebland_grapes,12,0,0,120100001,0
12-01-00-001-3,permanent_crops,fruit_nuts,fruit_nuts,vineyards_wine_vine_rebland_grapes,vineyards_wine_vine_rebland_grapes,12,0,0,120100001,0
12-01-00-001-4,permanent_crops,fruit_nuts,fruit_nuts,vineyards_wine_vine_rebland_grapes,vineyards_wine_vine_rebland_grapes,12,0,0,120100001,0
12-01-01-000-0,permanent_crops,fruit_nuts,pome_stone_fruit,pome_stone_fruit,pome_stone_fruit,12,0,0,120101000,0
12-01-01-001-0,permanent_crops,fruit_nuts,pome_stone_fruit,amelanchier_serviceberry,amelanchier_serviceberry,12,0,0,120101001,0
12-01-01-002-0,permanent_crops,fruit_nuts,pome_stone_fruit,apples,apples,12,0,0,120101002,0
12-01-01-002-1,permanent_crops,fruit_nuts,pome_stone_fruit,apples,apples,12,0,0,120101002,0
12-01-01-002-2,permanent_crops,fruit_nuts,pome_stone_fruit,apples,apples,12,0,0,120101002,0
12-01-01-003-0,permanent_crops,fruit_nuts,pome_stone_fruit,apricots,apricots,12,0,0,120101003,0
12-01-01-004-0,permanent_crops,fruit_nuts,pome_stone_fruit,cherry_cherries,cherry_cherries,12,0,0,120101004,0
12-01-01-004-1,permanent_crops,fruit_nuts,pome_stone_fruit,cherry_cherries,#N/A,#N/A,#N/A,#N/A,120101004,#N/A
12-01-01-004-2,permanent_crops,fruit_nuts,pome_stone_fruit,cherry_cherries,#N/A,#N/A,#N/A,#N/A,120101004,#N/A
12-01-01-005-0,permanent_crops,fruit_nuts,pome_stone_fruit,feijoa,feijoa,12,0,0,120101005,0
12-01-01-006-0,permanent_crops,fruit_nuts,pome_stone_fruit,fig,fig,12,0,0,120101006,0
12-01-01-007-0,permanent_crops,fruit_nuts,pome_stone_fruit,medlar_loquat,medlar_loquat,12,0,0,120101007,0
12-01-01-008-0,permanent_crops,fruit_nuts,pome_stone_fruit,nectarine,nectarine,12,0,0,120101008,0
12-01-01-009-0,permanent_crops,fruit_nuts,pome_stone_fruit,pawpaw,pawpaw,12,0,0,120101009,0
12-01-01-010-0,permanent_crops,fruit_nuts,pome_stone_fruit,peach,peach,12,0,0,120101010,0
12-01-01-011-0,permanent_crops,fruit_nuts,pome_stone_fruit,pears,pears,12,0,0,120101011,0
12-01-01-011-1,permanent_crops,fruit_nuts,pome_stone_fruit,pears,pears,12,0,0,120101011,0
12-01-01-011-2,permanent_crops,fruit_nuts,pome_stone_fruit,pears,pears,12,0,0,120101011,0
12-01-01-011-3,permanent_crops,fruit_nuts,pome_stone_fruit,pears,pears,12,0,0,120101011,0
12-01-01-012-0,permanent_crops,fruit_nuts,pome_stone_fruit,plums,plums,12,0,0,120101012,0
12-01-01-013-0,permanent_crops,fruit_nuts,pome_stone_fruit,pomegranate,pomegranate,12,0,0,120101013,0
12-01-01-014-0,permanent_crops,fruit_nuts,pome_stone_fruit,quinces,quinces,12,0,0,120101014,0
12-01-01-015-0,permanent_crops,fruit_nuts,pome_stone_fruit,cherimoya,cherimoya,12,0,0,120101015,0
12-01-01-016-0,permanent_crops,fruit_nuts,pome_stone_fruit,persimmon_khaki,persimmon_khaki,12,0,0,120101016,0
12-01-01-017-0,permanent_crops,fruit_nuts,pome_stone_fruit,peach_nectarines,peach_nectarines,12,0,0,120101017,0
12-01-01-018-0,permanent_crops,fruit_nuts,pome_stone_fruit,prickly_pear,prickly_pear,12,0,0,120101018,0
12-01-01-019-0,permanent_crops,fruit_nuts,pome_stone_fruit,pears_quinces,pears_quinces,12,0,0,120101019,0
12-01-01-020-0,permanent_crops,fruit_nuts,pome_stone_fruit,sorb_tree,#N/A,#N/A,#N/A,#N/A,120101020,#N/A
12-01-02-000-0,permanent_crops,fruit_nuts,tropical_fruits,,tropical_fruits,12,0,0,120102000,0
12-01-02-001-0,permanent_crops,fruit_nuts,tropical_fruits,avocado,avocado,12,0,0,120102001,0
12-01-02-002-0,permanent_crops,fruit_nuts,tropical_fruits,bananas_plantains,bananas_plantains,12,0,0,120102002,0
12-01-02-003-0,permanent_crops,fruit_nuts,tropical_fruits,dates,dates,12,0,0,120102003,0
12-01-02-004-0,permanent_crops,fruit_nuts,tropical_fruits,mangoes,mangoes,12,0,0,120102004,0
12-01-02-005-0,permanent_crops,fruit_nuts,tropical_fruits,papayas,papayas,12,0,0,120102005,0
12-01-02-006-0,permanent_crops,fruit_nuts,tropical_fruits,pineapples,pineapples,12,0,0,120102006,0
12-01-02-007-0,permanent_crops,fruit_nuts,tropical_fruits,snake_skin_fruit,#N/A,#N/A,#N/A,#N/A,120102007,#N/A
12-01-02-008-0,permanent_crops,fruit_nuts,tropical_fruits,rambutan,#N/A,#N/A,#N/A,#N/A,120102008,#N/A
12-01-03-000-0,permanent_crops,fruit_nuts,citrus_fruit,,citrus_fruit,12,0,0,120103000,0
12-01-03-001-0,permanent_crops,fruit_nuts,citrus_fruit,grapefruit,grapefruit,12,0,0,120103001,0
12-01-03-002-0,permanent_crops,fruit_nuts,citrus_fruit,pomelo,pomelo,12,0,0,120103002,0
12-01-03-003-0,permanent_crops,fruit_nuts,citrus_fruit,lemons_limes,lemons_limes,12,0,0,120103003,0
12-01-03-004-0,permanent_crops,fruit_nuts,citrus_fruit,oranges,oranges,12,0,0,120103004,0
12-01-03-005-0,permanent_crops,fruit_nuts,citrus_fruit,tangerines_mandarins_clementines,tangerines_mandarins_clementines,12,0,0,120103005,0
12-01-04-000-0,permanent_crops,fruit_nuts,nuts,,nuts,12,0,0,120104000,0
12-01-04-001-0,permanent_crops,fruit_nuts,nuts,almond,almond,12,0,0,120104001,0
12-01-04-002-0,permanent_crops,fruit_nuts,nuts,hazelnuts_hazel,hazelnuts_hazel,12,0,0,120104002,0
12-01-04-003-0,permanent_crops,fruit_nuts,nuts,pecan,pecan,12,0,0,120104003,0
12-01-04-004-0,permanent_crops,fruit_nuts,nuts,pistachio,pistachio,12,0,0,120104004,0
12-01-04-005-0,permanent_crops,fruit_nuts,nuts,sweet_chestnuts,sweet_chestnuts,12,0,0,120104005,0
12-01-04-006-0,permanent_crops,fruit_nuts,nuts,walnuts,walnuts,12,0,0,120104006,0
12-01-04-007-0,permanent_crops,fruit_nuts,nuts,cashew,cashew,12,0,0,120104007,0
12-01-05-000-0,permanent_crops,fruit_nuts,berries,,berries,12,0,0,120105000,0
12-01-05-001-0,permanent_crops,fruit_nuts,berries,aronia_chokeberries,aronia_chokeberries,12,0,0,120105001,0
12-01-05-002-0,permanent_crops,fruit_nuts,berries,blackberry,blackberry,12,0,0,120105002,0
12-01-05-003-0,permanent_crops,fruit_nuts,berries,blackcurrant_cassis,blackcurrant_cassis,12,0,0,120105003,0
12-01-05-004-0,permanent_crops,fruit_nuts,berries,blueberry,blueberry,12,0,0,120105004,0
12-01-05-005-0,permanent_crops,fruit_nuts,berries,cranberry,cranberry,12,0,0,120105005,0
12-01-05-006-0,permanent_crops,fruit_nuts,berries,currants,currants,12,0,0,120105006,0
12-01-05-007-0,permanent_crops,fruit_nuts,berries,gooseberry_gooseberries_cranberries,gooseberry_gooseberries_cranberries,12,0,0,120105007,0
12-01-05-008-0,permanent_crops,fruit_nuts,berries,hippophae_sea_buckthorns_seaberry,hippophae_sea_buckthorns_seaberry,12,0,0,120105008,0
12-01-05-009-0,permanent_crops,fruit_nuts,berries,jostaberry,jostaberry,12,0,0,120105009,0
12-01-05-010-0,permanent_crops,fruit_nuts,berries,raspberry_raspberries,raspberry_raspberries,12,0,0,120105010,0
12-01-05-010-1,permanent_crops,fruit_nuts,berries,raspberry_raspberries,raspberry_raspberries,12,0,0,120105010,0
12-01-05-011-0,permanent_crops,fruit_nuts,berries,redcurrant,redcurrant,12,0,0,120105011,0
12-01-05-012-0,permanent_crops,fruit_nuts,berries,rose_hip_rosehip,rose_hip_rosehip,12,0,0,120105012,0
12-01-05-013-0,permanent_crops,fruit_nuts,berries,rowan_rowanberries,rowan_rowanberries,12,0,0,120105013,0
12-01-05-014-0,permanent_crops,fruit_nuts,berries,tayberry,tayberry,12,0,0,120105014,0
12-01-05-015-0,permanent_crops,fruit_nuts,berries,kiwi_fruit,kiwi_fruit,12,0,0,120105015,0
12-01-05-016-0,permanent_crops,fruit_nuts,berries,huckleberry,huckleberry,12,0,0,120105016,0
12-01-05-017-0,permanent_crops,fruit_nuts,berries,saskatoon_berry,saskatoon_berry,12,0,0,120105017,0
12-01-05-018-0,permanent_crops,fruit_nuts,berries,jujube_buckthorn,#N/A,#N/A,#N/A,#N/A,120105018,#N/A
12-01-05-019-0,permanent_crops,fruit_nuts,berries,mulberry,#N/A,#N/A,#N/A,#N/A,120105019,#N/A
12-01-05-020-0,permanent_crops,fruit_nuts,berries,goji_berry,#N/A,#N/A,#N/A,#N/A,120105020,#N/A
12-01-05-021-0,permanent_crops,fruit_nuts,berries,caneberries,#N/A,#N/A,#N/A,#N/A,120105021,#N/A
12-01-06-000-0,permanent_crops,fruit_nuts,fruit_berries,,fruit_berries,12,0,0,120106000,0
12-02-00-000-0,permanent_crops,permanent_beverage_spice_medicinal,,,permanent_beverage_spice_medicinal,12,0,0,120200000,0
12-02-00-001-0,permanent_crops,permanent_beverage_spice_medicinal,,coffee,coffee,12,0,0,120200001,0
12-02-00-002-0,permanent_crops,permanent_beverage_spice_medicinal,,tea,tea,12,0,0,120200002,0
12-02-00-003-0,permanent_crops,permanent_beverage_spice_medicinal,,mat,mat,12,0,0,120200003,0
12-02-00-004-0,permanent_crops,permanent_beverage_spice_medicinal,,cocoa,cocoa,12,0,0,120200004,0
12-02-00-005-0,permanent_crops,permanent_beverage_spice_medicinal,,coffee_cocoa,coffee_cocoa,12,0,0,120200005,0
12-02-00-006-0,permanent_crops,permanent_beverage_spice_medicinal,,chameleon,chameleon,12,0,0,120200006,0
12-02-00-007-0,permanent_crops,permanent_beverage_spice_medicinal,,nutmeg_mace_cardamoms,nutmeg_mace_cardamoms,12,0,0,120200007,0
12-02-00-008-0,permanent_crops,permanent_beverage_spice_medicinal,,cinnamon,cinnamon,12,0,0,120200008,0
12-02-00-009-0,permanent_crops,permanent_beverage_spice_medicinal,,cloves,cloves,12,0,0,120200009,0
12-02-00-010-0,permanent_crops,permanent_beverage_spice_medicinal,,ginseng,#N/A,#N/A,#N/A,#N/A,120200010,#N/A
12-03-00-000-0,permanent_crops,permanent_oilseed_crops,,,permanent_oilseed_crops,12,0,0,120300000,0
12-03-00-001-0,permanent_crops,permanent_oilseed_crops,,olive,olive,12,0,0,120300001,0
12-03-00-001-1,permanent_crops,permanent_oilseed_crops,,olive,olive,12,0,0,120300001,0
12-03-00-001-2,permanent_crops,permanent_oilseed_crops,,olive,olive,12,0,0,120300001,0
12-03-00-002-0,permanent_crops,permanent_oilseed_crops,,coconuts,coconuts,12,0,0,120300002,0
12-03-00-003-0,permanent_crops,permanent_oilseed_crops,,oil_palms,oil_palms,12,0,0,120300003,0
12-03-00-004-0,permanent_crops,permanent_oilseed_crops,,ylang-ylang,ylang-ylang,12,0,0,120300004,0
12-04-00-000-0,permanent_crops,permanent_leguminous_crops,,,permanent_leguminous_crops,12,0,0,120400000,0
12-04-00-001-0,permanent_crops,permanent_leguminous_crops,,carob,carob,12,0,0,120400001,0
12-04-00-002-0,permanent_crops,permanent_leguminous_crops,,mesquite,mesquite,12,0,0,120400002,0
12-04-00-003-0,permanent_crops,permanent_leguminous_crops,,tamarind,tamarind,12,0,0,120400003,0
12-05-00-000-0,permanent_crops,permanent_fibre_crops,,,permanent_fibre_crops,12,0,0,120500000,0
12-06-00-000-0,permanent_crops,permanent_tree_shrub_flowers,,,permanent_tree_shrub_flowers,12,0,0,120600000,0
12-06-00-001-0,permanent_crops,permanent_tree_shrub_flowers,,azaleas,azaleas,12,0,0,120600001,0
12-06-00-002-0,permanent_crops,permanent_tree_shrub_flowers,,chaenomeles_cathayensis,chaenomeles_cathayensis,12,0,0,120600002,0
12-06-00-003-0,permanent_crops,permanent_tree_shrub_flowers,,crataegus_hawthorn,crataegus_hawthorn,12,0,0,120600003,0
12-06-00-004-0,permanent_crops,permanent_tree_shrub_flowers,,elder_elderberry,elder_elderberry,12,0,0,120600004,0
12-06-00-005-0,permanent_crops,permanent_tree_shrub_flowers,,honeysuckle,honeysuckle,12,0,0,120600005,0
12-06-00-006-0,permanent_crops,permanent_tree_shrub_flowers,,ricinus_castor,ricinus_castor,12,0,0,120600006,0
12-06-00-007-0,permanent_crops,permanent_tree_shrub_flowers,,wire_bush,wire_bush,12,0,0,120600007,0
12-06-00-008-0,permanent_crops,permanent_tree_shrub_flowers,,rubber,rubber,12,0,0,120600008,0
12-06-00-009-0,permanent_crops,permanent_tree_shrub_flowers,,ginkgo,ginkgo,12,0,0,120600009,0
12-06-00-010-0,permanent_crops,permanent_tree_shrub_flowers,,robinia,robinia,12,0,0,120600010,0
12-06-00-011-0,permanent_crops,permanent_tree_shrub_flowers,,christmas_trees,christmas_trees,12,0,0,120600011,0
12-06-00-012-0,permanent_crops,permanent_tree_shrub_flowers,,rhododendron,rhododendron,12,0,0,120600012,0
12-06-00-013-0,permanent_crops,permanent_tree_shrub_flowers,,boxwood,#N/A,#N/A,#N/A,#N/A,120600013,#N/A
12-06-00-014-0,permanent_crops,permanent_tree_shrub_flowers,,ornamental_conifers,#N/A,#N/A,#N/A,#N/A,120600014,#N/A
12-06-00-015-0,permanent_crops,permanent_tree_shrub_flowers,,rose_bush,#N/A,#N/A,#N/A,#N/A,120600015,#N/A
12-06-00-016-0,permanent_crops,permanent_tree_shrub_flowers,,short_term_willow,#N/A,#N/A,#N/A,#N/A,120600016,#N/A
12-07-00-000-0,permanent_crops,nurseries,,,nurseries,12,0,0,120700000,0
12-08-00-000-0,permanent_crops,mixed_permanent_crops,,,mixed_permanent_crops,12,0,0,120800000,0
12-09-00-000-0,permanent_crops,permanent_industrial_crops,,,permanent_industrial_crops,12,0,0,120900000,0
12-10-00-000-0,permanent_crops,permanent_forbs,,,permanent_forbs,12,0,0,121000000,0
12-10-00-001-0,permanent_crops,permanent_forbs,,sida_virginia_mallow,sida_virginia_mallow,12,0,0,121000001,0
12-10-00-002-0,permanent_crops,permanent_forbs,,igniscum_candy,igniscum_candy,12,0,0,121000002,0
12-10-00-003-0,permanent_crops,permanent_forbs,,Silphium perfoliatum,Silphium perfoliatum,12,0,0,121000003,0
12-11-00-000-0,permanent_crops,permanent_herbs,,,permanent_herbs,10,0,0,121100000,0
13-00-00-000-0,pasture_meadows,,,,pasture_meadows,13,0,0,130000000,0
13-01-00-000-0,pasture_meadows,pastures,,,pastures,13,0,0,130100000,0
13-02-00-000-0,pasture_meadows,meadows,,,meadows,13,0,0,130200000,0
13-03-00-000-0,pasture_meadows,grassland_with_ tree_shrub,,,grassland_with_ tree_shrub,13,0,0,130300000,0
13-04-00-000-0,pasture_meadows,grassland_without_tree_shrub,,,grassland_without_tree_shrub,13,0,0,130400000,0
13-05-00-000-0,pasture_meadows,pasture_with_tree_shrub,,,pasture_with_tree_shrub,13,0,0,130500000,0
13-06-00-000-0,pasture_meadows,pasture_without_tree_shrub,,,pasture_without_tree_shrub,13,0,0,130600000,0
13-07-00-000-0,pasture_meadows,meadow_with_ tree_shrub,,,meadow_with_ tree_shrub,13,0,0,130700000,0
13-08-00-000-0,pasture_meadows,meadow_without_tree_shrub,,,meadow_without_tree_shrub,13,0,0,130800000,0
13-09-00-000-0,pasture_meadows,temporary_meadow,,,temporary_meadow,13,0,0,130900000,0
13-10-00-000-0,pasture_meadows,longterm_meadow,,,longterm_meadow,13,0,0,131000000,0
14-00-00-000-0,mixed_cropland,,,,mixed_cropland,10,0,0,140000000,0
14-01-00-000-0,mixed_cropland,kitchen_allotment_gardens,,,kitchen_allotment_gardens,10,0,0,140100000,0
14-02-00-000-0,mixed_cropland,agroforestry,,,agroforestry,10,0,0,140200000,0
14-03-00-000-0,mixed_cropland,annual_perennial_mixtures,,,annual_perennial_mixtures,10,0,0,140300000,0
15-00-00-000-0,greenhouse_foil_film_indoor,,,,greenhouse_foil_film_indoor,60,0,0,150000000,0
15-01-00-000-0,greenhouse_foil_film_indoor,greenhouse_glass,,,greenhouse_glass,60,0,0,150100000,0
15-02-00-000-0,greenhouse_foil_film_indoor,greenhouse_plastic,,,greenhouse_plastic,60,0,0,150200000,0
15-03-00-000-0,greenhouse_foil_film_indoor,foil,,,foil,60,0,0,150300000,0
15-04-00-000-0,greenhouse_foil_film_indoor,container,,,container,60,0,0,150400000,0
16-00-00-000-0,non_cropland_incl_perennial,,,,non_cropland_incl_perennial,99,0,0,160000000,0
17-00-00-000-0,non_cropland_excl_perennial,,,,non_cropland_excl_perennial,98,0,0,170000000,0
20-00-00-000-0,herbaceous_vegetation,,,,herbaceous_vegetation,20,0,0,200000000,0
20-01-00-000-0,herbaceous_vegetation,natural_grasslands,,,natural_grasslands,20,0,0,200100000,0
20-02-00-000-0,herbaceous_vegetation,spontaneously_vegetated_surfaces,,,spontaneously_vegetated_surfaces,20,0,0,200200000,0
20-03-00-000-0,herbaceous_vegetation,peatbogs,,,peatbogs,20,0,0,200300000,0
20-04-00-000-0,herbaceous_vegetation,inland_marshes_wetlands,,,inland_marshes_wetlands,20,0,0,200400000,0
20-05-00-000-0,herbaceous_vegetation,salt_marshes,,,salt_marshes,20,0,0,200500000,0
20-06-00-000-0,herbaceous_vegetation,reed,,,reed,20,0,0,200600000,0
30-00-00-000-0,shrubland,,,,shrubland,30,0,0,300000000,0
30-01-00-000-0,shrubland,shrubland_with_sparse_tree_cover,,,shrubland_with_sparse_tree_cover,30,0,0,300100000,0
30-02-00-000-0,shrubland,shrubland_without_tree_cover,,,shrubland_without_tree_cover,30,0,0,300200000,0
30-03-00-000-0,shrubland,moors_heathland,,,moors_heathland,30,0,0,300300000,0
30-04-00-000-0,shrubland,sclerophyllous_vegetation,,,sclerophyllous_vegetation,30,0,0,300400000,0
30-05-00-000-0,shrubland,transitional_woodland_shrub,,,transitional_woodland_shrub,30,0,0,300500000,0
30-06-00-000-0,shrubland,hedges,,,hedges,30,0,0,300600000,0
40-00-00-000-0,trees_unspecified,,,,trees_unspecified,40,0,0,400000000,0
40-01-00-000-0,trees_unspecified,mangroves,,,mangroves,40,0,0,400100000,0
40-02-00-000-0,trees_unspecified,woody_wetlands,,,#N/A,#N/A,#N/A,#N/A,400200000,#N/A
41-00-00-000-0,trees_broadleaved,,,,trees_broadleaved,40,0,0,410000000,0
41-01-00-000-0,trees_broadleaved,trees_broadleaved_evergreen,,,trees_broadleaved_evergreen,40,0,0,410100000,0
41-01-00-001-0,trees_broadleaved,trees_broadleaved_evergreen,,eucalyptus,eucalyptus,40,0,0,410100001,0
41-02-00-000-0,trees_broadleaved,trees_broadleaved_deciduous,,,trees_broadleaved_deciduous,40,0,0,410200000,0
41-02-00-001-0,trees_broadleaved,trees_broadleaved_deciduous,,aspen,aspen,40,0,0,410200001,0
41-02-00-002-0,trees_broadleaved,trees_broadleaved_deciduous,,birch,birch,40,0,0,410200002,0
41-02-00-003-0,trees_broadleaved,trees_broadleaved_deciduous,,dogwood_cornus,dogwood_cornus,40,0,0,410200003,0
41-02-00-004-0,trees_broadleaved,trees_broadleaved_deciduous,,oak,oak,40,0,0,410200004,0
41-02-00-005-0,trees_broadleaved,trees_broadleaved_deciduous,,populus,populus,40,0,0,410200005,0
41-02-00-006-0,trees_broadleaved,trees_broadleaved_deciduous,,willows_osiers,willows_osiers,40,0,0,410200006,0
41-02-00-007-0,trees_broadleaved,trees_broadleaved_deciduous,,alder,alder,40,0,0,410200007,0
41-02-00-008-0,trees_broadleaved,trees_broadleaved_deciduous,,maple,#N/A,#N/A,#N/A,#N/A,410200008,#N/A
41-02-00-009-0,trees_broadleaved,trees_broadleaved_deciduous,,poplar,#N/A,#N/A,#N/A,#N/A,410200009,#N/A
42-00-00-000-0,trees_coniferous,,,,trees_coniferous,40,0,0,420000000,0
42-01-00-000-0,trees_coniferous,trees_coniferous_evergreen,,,trees_coniferous_evergreen,40,0,0,420100000,0
42-01-00-001-0,trees_coniferous,trees_coniferous_evergreen,,spruce_dominated_coniferous_woodland,spruce_dominated_coniferous_woodland,40,0,0,420100001,0
42-01-00-002-0,trees_coniferous,trees_coniferous_evergreen,,pine_dominated_coniferous_woodland,pine_dominated_coniferous_woodland,40,0,0,420100002,0
42-01-00-003-0,trees_coniferous,trees_coniferous_evergreen,,cedar,#N/A,#N/A,#N/A,#N/A,420100003,#N/A
42-02-00-000-0,trees_coniferous,trees_coniferous_deciduous,,,trees_coniferous_deciduous,40,0,0,420200000,0
43-00-00-000-0,trees_mixed,,,,trees_mixed,40,0,0,430000000,0
43-00-00-001-0,trees_mixed,,,spruce_dominated_mixed_woodland,spruce_dominated_mixed_woodland,40,0,0,430000001,0
43-00-00-002-0,trees_mixed,,,pine_dominated_mixed_woodland,pine_dominated_mixed_woodland,40,0,0,430000002,0
43-01-00-000-0,trees_mixed,trees_mixed_evergreen,,,trees_mixed_evergreen,40,0,0,430100000,0
43-02-00-000-0,trees_mixed,trees_mixed_deciduous,,,trees_mixed_deciduous,40,0,0,430200000,0
50-00-00-000-0,bare_sparsely_vegetated,,,,bare_sparsely_vegetated,50,0,0,500000000,0
50-01-00-000-0,bare_sparsely_vegetated,beach_sand_dunes,,,beach_sand_dunes,50,0,0,500100000,0
50-02-00-000-0,bare_sparsely_vegetated,bare_rock,,,bare_rock,50,0,0,500200000,0
50-03-00-000-0,bare_sparsely_vegetated,sparsely_vegetated,,,sparsely_vegetated,50,0,0,500300000,0
50-04-00-000-0,bare_sparsely_vegetated,burnt areas,,,burnt areas,50,0,0,500400000,0
50-05-00-000-0,bare_sparsely_vegetated,snow_ice,,,snow_ice,50,0,0,500500000,0
50-06-00-000-0,bare_sparsely_vegetated,lichens_mosses,,,lichens_mosses,50,0,0,500600000,0
50-07-00-000-0,bare_sparsely_vegetated,salines,,,salines,50,0,0,500700000,0
50-08-00-000-0,bare_sparsely_vegetated,intertidal_flats,,,intertidal_flats,50,0,0,500800000,0
50-09-00-000-0,bare_sparsely_vegetated,mining_sites,,,mining_sites,50,0,0,500900000,0
50-10-00-000-0,bare_sparsely_vegetated,dump_sites,,,dump_sites,50,0,0,501000000,0
50-11-00-000-0,bare_sparsely_vegetated,bare_soil,,,#N/A,#N/A,#N/A,#N/A,501100000,#N/A
60-00-00-000-0,built_up,,,,built_up,60,0,0,600000000,0
60-01-00-000-0,built_up,roads_sealed_surface,,,roads_sealed_surface,60,0,0,600100000,0
60-02-00-000-0,built_up,buildings_unspecified,,,buildings_unspecified,60,0,0,600200000,0
60-03-00-000-0,built_up,buildings_1_3_floors,,,buildings_1_3_floors,60,0,0,600300000,0
60-04-00-000-0,built_up,buildings_more_than_3_floors,,,buildings_more_than_3_floors,60,0,0,600400000,0
60-05-00-000-0,built_up,low_intensity_builtup,,,#N/A,#N/A,#N/A,#N/A,600500000,#N/A
60-06-00-000-0,built_up,medium_intensity_builtup,,,#N/A,#N/A,#N/A,#N/A,600600000,#N/A
60-07-00-000-0,built_up,high_intensity_builtup,,,#N/A,#N/A,#N/A,#N/A,600700000,#N/A
70-00-00-000-0,open_water,,,,open_water,70,0,0,700000000,0
70-01-00-000-0,open_water,sea_ocean,,,sea_ocean,70,0,0,700100000,0
70-02-00-000-0,open_water,permanent_inland_water_bodies,,,permanent_inland_water_bodies,70,0,0,700200000,0
70-03-00-000-0,open_water,temporary_inland_water_bodies,,,temporary_inland_water_bodies,70,0,0,700300000,0
70-04-00-000-0,open_water,water_courses,,,water_courses,70,0,0,700400000,0
70-05-00-000-0,open_water,aquaculture,,,#N/A,#N/A,#N/A,#N/A,700500000,#N/A